Landroid/nfc/ApduList$1;->createFromParcel(Landroid/os/Parcel;)Ljava/lang/Object;,public-api,system-api,test-api
Landroid/nfc/ApduList$1;->newArray(I)[Ljava/lang/Object;,public-api,system-api,test-api
Landroid/nfc/ApduList;->describeContents()I,public-api,system-api,test-api
Landroid/nfc/ApduList;->writeToParcel(Landroid/os/Parcel;I)V,public-api,system-api,test-api
Landroid/nfc/AvailableNfcAntenna$1;->createFromParcel(Landroid/os/Parcel;)Ljava/lang/Object;,public-api,system-api,test-api
Landroid/nfc/AvailableNfcAntenna$1;->newArray(I)[Ljava/lang/Object;,public-api,system-api,test-api
Landroid/nfc/AvailableNfcAntenna;-><init>(II)V,public-api,system-api,test-api
Landroid/nfc/AvailableNfcAntenna;->CREATOR:Landroid/os/Parcelable$Creator;,public-api,system-api,test-api
Landroid/nfc/AvailableNfcAntenna;->describeContents()I,public-api,system-api,test-api
Landroid/nfc/AvailableNfcAntenna;->equals(Ljava/lang/Object;)Z,core-platform-api,public-api,system-api,test-api
Landroid/nfc/AvailableNfcAntenna;->getLocationX()I,public-api,system-api,test-api
Landroid/nfc/AvailableNfcAntenna;->getLocationY()I,public-api,system-api,test-api
Landroid/nfc/AvailableNfcAntenna;->hashCode()I,core-platform-api,public-api,system-api,test-api
Landroid/nfc/AvailableNfcAntenna;->toString()Ljava/lang/String;,core-platform-api,public-api,system-api,test-api
Landroid/nfc/AvailableNfcAntenna;->writeToParcel(Landroid/os/Parcel;I)V,public-api,system-api,test-api
Landroid/nfc/ComponentNameAndUser$1;->createFromParcel(Landroid/os/Parcel;)Ljava/lang/Object;,public-api,system-api,test-api
Landroid/nfc/ComponentNameAndUser$1;->newArray(I)[Ljava/lang/Object;,public-api,system-api,test-api
Landroid/nfc/ComponentNameAndUser;->describeContents()I,public-api,system-api,test-api
Landroid/nfc/ComponentNameAndUser;->equals(Ljava/lang/Object;)Z,core-platform-api,public-api,system-api,test-api
Landroid/nfc/ComponentNameAndUser;->hashCode()I,core-platform-api,public-api,system-api,test-api
Landroid/nfc/ComponentNameAndUser;->toString()Ljava/lang/String;,core-platform-api,public-api,system-api,test-api
Landroid/nfc/ComponentNameAndUser;->writeToParcel(Landroid/os/Parcel;I)V,public-api,system-api,test-api
Landroid/nfc/Entry$1;->createFromParcel(Landroid/os/Parcel;)Ljava/lang/Object;,public-api,system-api,test-api
Landroid/nfc/Entry$1;->newArray(I)[Ljava/lang/Object;,public-api,system-api,test-api
Landroid/nfc/Entry;->describeContents()I,public-api,system-api,test-api
Landroid/nfc/Entry;->writeToParcel(Landroid/os/Parcel;I)V,public-api,system-api,test-api
Landroid/nfc/FormatException;-><init>()V,public-api,system-api,test-api
Landroid/nfc/FormatException;-><init>(Ljava/lang/String;)V,public-api,system-api,test-api
Landroid/nfc/FormatException;-><init>(Ljava/lang/String;Ljava/lang/Throwable;)V,public-api,system-api,test-api
Landroid/nfc/IAppCallback$Default;->asBinder()Landroid/os/IBinder;,public-api,system-api,test-api
Landroid/nfc/IAppCallback$Stub$Proxy;->asBinder()Landroid/os/IBinder;,public-api,system-api,test-api
Landroid/nfc/IAppCallback$Stub;->asBinder()Landroid/os/IBinder;,public-api,system-api,test-api
Landroid/nfc/IAppCallback$Stub;->onTransact(ILandroid/os/Parcel;Landroid/os/Parcel;I)Z,public-api,system-api,test-api
Landroid/nfc/INfcAdapter$Default;->asBinder()Landroid/os/IBinder;,public-api,system-api,test-api
Landroid/nfc/INfcAdapter$Stub$Proxy;->asBinder()Landroid/os/IBinder;,public-api,system-api,test-api
Landroid/nfc/INfcAdapter$Stub;->asBinder()Landroid/os/IBinder;,public-api,system-api,test-api
Landroid/nfc/INfcAdapter$Stub;->onTransact(ILandroid/os/Parcel;Landroid/os/Parcel;I)Z,public-api,system-api,test-api
Landroid/nfc/INfcAdapterExtras$Default;->asBinder()Landroid/os/IBinder;,public-api,system-api,test-api
Landroid/nfc/INfcAdapterExtras$Stub$Proxy;->asBinder()Landroid/os/IBinder;,public-api,system-api,test-api
Landroid/nfc/INfcAdapterExtras$Stub;->asBinder()Landroid/os/IBinder;,public-api,system-api,test-api
Landroid/nfc/INfcAdapterExtras$Stub;->onTransact(ILandroid/os/Parcel;Landroid/os/Parcel;I)Z,public-api,system-api,test-api
Landroid/nfc/INfcCardEmulation$Default;->asBinder()Landroid/os/IBinder;,public-api,system-api,test-api
Landroid/nfc/INfcCardEmulation$Stub$Proxy;->asBinder()Landroid/os/IBinder;,public-api,system-api,test-api
Landroid/nfc/INfcCardEmulation$Stub;->asBinder()Landroid/os/IBinder;,public-api,system-api,test-api
Landroid/nfc/INfcCardEmulation$Stub;->onTransact(ILandroid/os/Parcel;Landroid/os/Parcel;I)Z,public-api,system-api,test-api
Landroid/nfc/INfcControllerAlwaysOnListener$Default;->asBinder()Landroid/os/IBinder;,public-api,system-api,test-api
Landroid/nfc/INfcControllerAlwaysOnListener$Stub$Proxy;->asBinder()Landroid/os/IBinder;,public-api,system-api,test-api
Landroid/nfc/INfcControllerAlwaysOnListener$Stub;->asBinder()Landroid/os/IBinder;,public-api,system-api,test-api
Landroid/nfc/INfcControllerAlwaysOnListener$Stub;->onTransact(ILandroid/os/Parcel;Landroid/os/Parcel;I)Z,public-api,system-api,test-api
Landroid/nfc/INfcDta$Default;->asBinder()Landroid/os/IBinder;,public-api,system-api,test-api
Landroid/nfc/INfcDta$Stub$Proxy;->asBinder()Landroid/os/IBinder;,public-api,system-api,test-api
Landroid/nfc/INfcDta$Stub;->asBinder()Landroid/os/IBinder;,public-api,system-api,test-api
Landroid/nfc/INfcDta$Stub;->onTransact(ILandroid/os/Parcel;Landroid/os/Parcel;I)Z,public-api,system-api,test-api
Landroid/nfc/INfcEventCallback$Default;->asBinder()Landroid/os/IBinder;,public-api,system-api,test-api
Landroid/nfc/INfcEventCallback$Stub$Proxy;->asBinder()Landroid/os/IBinder;,public-api,system-api,test-api
Landroid/nfc/INfcEventCallback$Stub;->asBinder()Landroid/os/IBinder;,public-api,system-api,test-api
Landroid/nfc/INfcEventCallback$Stub;->onTransact(ILandroid/os/Parcel;Landroid/os/Parcel;I)Z,public-api,system-api,test-api
Landroid/nfc/INfcFCardEmulation$Default;->asBinder()Landroid/os/IBinder;,public-api,system-api,test-api
Landroid/nfc/INfcFCardEmulation$Stub$Proxy;->asBinder()Landroid/os/IBinder;,public-api,system-api,test-api
Landroid/nfc/INfcFCardEmulation$Stub;->asBinder()Landroid/os/IBinder;,public-api,system-api,test-api
Landroid/nfc/INfcFCardEmulation$Stub;->onTransact(ILandroid/os/Parcel;Landroid/os/Parcel;I)Z,public-api,system-api,test-api
Landroid/nfc/INfcOemExtensionCallback$Default;->asBinder()Landroid/os/IBinder;,public-api,system-api,test-api
Landroid/nfc/INfcOemExtensionCallback$Stub$Proxy;->asBinder()Landroid/os/IBinder;,public-api,system-api,test-api
Landroid/nfc/INfcOemExtensionCallback$Stub;->asBinder()Landroid/os/IBinder;,public-api,system-api,test-api
Landroid/nfc/INfcOemExtensionCallback$Stub;->onTransact(ILandroid/os/Parcel;Landroid/os/Parcel;I)Z,public-api,system-api,test-api
Landroid/nfc/INfcTag$Default;->asBinder()Landroid/os/IBinder;,public-api,system-api,test-api
Landroid/nfc/INfcTag$Stub$Proxy;->asBinder()Landroid/os/IBinder;,public-api,system-api,test-api
Landroid/nfc/INfcTag$Stub;->asBinder()Landroid/os/IBinder;,public-api,system-api,test-api
Landroid/nfc/INfcTag$Stub;->onTransact(ILandroid/os/Parcel;Landroid/os/Parcel;I)Z,public-api,system-api,test-api
Landroid/nfc/INfcUnlockHandler$Default;->asBinder()Landroid/os/IBinder;,public-api,system-api,test-api
Landroid/nfc/INfcUnlockHandler$Stub$Proxy;->asBinder()Landroid/os/IBinder;,public-api,system-api,test-api
Landroid/nfc/INfcUnlockHandler$Stub;->asBinder()Landroid/os/IBinder;,public-api,system-api,test-api
Landroid/nfc/INfcUnlockHandler$Stub;->onTransact(ILandroid/os/Parcel;Landroid/os/Parcel;I)Z,public-api,system-api,test-api
Landroid/nfc/INfcVendorNciCallback$Default;->asBinder()Landroid/os/IBinder;,public-api,system-api,test-api
Landroid/nfc/INfcVendorNciCallback$Stub$Proxy;->asBinder()Landroid/os/IBinder;,public-api,system-api,test-api
Landroid/nfc/INfcVendorNciCallback$Stub;->asBinder()Landroid/os/IBinder;,public-api,system-api,test-api
Landroid/nfc/INfcVendorNciCallback$Stub;->onTransact(ILandroid/os/Parcel;Landroid/os/Parcel;I)Z,public-api,system-api,test-api
Landroid/nfc/INfcWlcStateListener$Default;->asBinder()Landroid/os/IBinder;,public-api,system-api,test-api
Landroid/nfc/INfcWlcStateListener$Stub$Proxy;->asBinder()Landroid/os/IBinder;,public-api,system-api,test-api
Landroid/nfc/INfcWlcStateListener$Stub;->asBinder()Landroid/os/IBinder;,public-api,system-api,test-api
Landroid/nfc/INfcWlcStateListener$Stub;->onTransact(ILandroid/os/Parcel;Landroid/os/Parcel;I)Z,public-api,system-api,test-api
Landroid/nfc/IReaderCallback$Default;->asBinder()Landroid/os/IBinder;,public-api,system-api,test-api
Landroid/nfc/IReaderCallback$Stub$Proxy;->asBinder()Landroid/os/IBinder;,public-api,system-api,test-api
Landroid/nfc/IReaderCallback$Stub;->asBinder()Landroid/os/IBinder;,public-api,system-api,test-api
Landroid/nfc/IReaderCallback$Stub;->onTransact(ILandroid/os/Parcel;Landroid/os/Parcel;I)Z,public-api,system-api,test-api
Landroid/nfc/IT4tNdefNfcee$Default;->asBinder()Landroid/os/IBinder;,public-api,system-api,test-api
Landroid/nfc/IT4tNdefNfcee$Stub$Proxy;->asBinder()Landroid/os/IBinder;,public-api,system-api,test-api
Landroid/nfc/IT4tNdefNfcee$Stub;->asBinder()Landroid/os/IBinder;,public-api,system-api,test-api
Landroid/nfc/IT4tNdefNfcee$Stub;->onTransact(ILandroid/os/Parcel;Landroid/os/Parcel;I)Z,public-api,system-api,test-api
Landroid/nfc/ITagRemovedCallback$Default;->asBinder()Landroid/os/IBinder;,public-api,system-api,test-api
Landroid/nfc/ITagRemovedCallback$Stub$Proxy;->asBinder()Landroid/os/IBinder;,public-api,system-api,test-api
Landroid/nfc/ITagRemovedCallback$Stub;->asBinder()Landroid/os/IBinder;,public-api,system-api,test-api
Landroid/nfc/ITagRemovedCallback$Stub;->onTransact(ILandroid/os/Parcel;Landroid/os/Parcel;I)Z,public-api,system-api,test-api
Landroid/nfc/NdefMessage$1;->createFromParcel(Landroid/os/Parcel;)Ljava/lang/Object;,public-api,system-api,test-api
Landroid/nfc/NdefMessage$1;->newArray(I)[Ljava/lang/Object;,public-api,system-api,test-api
Landroid/nfc/NdefMessage;-><init>(Landroid/nfc/NdefRecord;[Landroid/nfc/NdefRecord;)V,public-api,system-api,test-api
Landroid/nfc/NdefMessage;-><init>([B)V,public-api,system-api,test-api
Landroid/nfc/NdefMessage;-><init>([Landroid/nfc/NdefRecord;)V,public-api,system-api,test-api
Landroid/nfc/NdefMessage;->CREATOR:Landroid/os/Parcelable$Creator;,public-api,system-api,test-api
Landroid/nfc/NdefMessage;->describeContents()I,public-api,system-api,test-api
Landroid/nfc/NdefMessage;->equals(Ljava/lang/Object;)Z,core-platform-api,public-api,system-api,test-api
Landroid/nfc/NdefMessage;->getByteArrayLength()I,public-api,system-api,test-api
Landroid/nfc/NdefMessage;->getRecords()[Landroid/nfc/NdefRecord;,public-api,system-api,test-api
Landroid/nfc/NdefMessage;->hashCode()I,core-platform-api,public-api,system-api,test-api
Landroid/nfc/NdefMessage;->toByteArray()[B,public-api,system-api,test-api
Landroid/nfc/NdefMessage;->toString()Ljava/lang/String;,core-platform-api,public-api,system-api,test-api
Landroid/nfc/NdefMessage;->writeToParcel(Landroid/os/Parcel;I)V,public-api,system-api,test-api
Landroid/nfc/NdefRecord$1;->createFromParcel(Landroid/os/Parcel;)Ljava/lang/Object;,public-api,system-api,test-api
Landroid/nfc/NdefRecord$1;->newArray(I)[Ljava/lang/Object;,public-api,system-api,test-api
Landroid/nfc/NdefRecord;-><init>(S[B[B[B)V,public-api,system-api,test-api
Landroid/nfc/NdefRecord;-><init>([B)V,public-api,system-api,test-api
Landroid/nfc/NdefRecord;->CREATOR:Landroid/os/Parcelable$Creator;,public-api,system-api,test-api
Landroid/nfc/NdefRecord;->RTD_ALTERNATIVE_CARRIER:[B,public-api,system-api,test-api
Landroid/nfc/NdefRecord;->RTD_HANDOVER_CARRIER:[B,public-api,system-api,test-api
Landroid/nfc/NdefRecord;->RTD_HANDOVER_REQUEST:[B,public-api,system-api,test-api
Landroid/nfc/NdefRecord;->RTD_HANDOVER_SELECT:[B,public-api,system-api,test-api
Landroid/nfc/NdefRecord;->RTD_SMART_POSTER:[B,public-api,system-api,test-api
Landroid/nfc/NdefRecord;->RTD_TEXT:[B,public-api,system-api,test-api
Landroid/nfc/NdefRecord;->RTD_URI:[B,public-api,system-api,test-api
Landroid/nfc/NdefRecord;->TNF_ABSOLUTE_URI:S,public-api,system-api,test-api
Landroid/nfc/NdefRecord;->TNF_EMPTY:S,public-api,system-api,test-api
Landroid/nfc/NdefRecord;->TNF_EXTERNAL_TYPE:S,public-api,system-api,test-api
Landroid/nfc/NdefRecord;->TNF_MIME_MEDIA:S,public-api,system-api,test-api
Landroid/nfc/NdefRecord;->TNF_UNCHANGED:S,public-api,system-api,test-api
Landroid/nfc/NdefRecord;->TNF_UNKNOWN:S,public-api,system-api,test-api
Landroid/nfc/NdefRecord;->TNF_WELL_KNOWN:S,public-api,system-api,test-api
Landroid/nfc/NdefRecord;->createApplicationRecord(Ljava/lang/String;)Landroid/nfc/NdefRecord;,public-api,system-api,test-api
Landroid/nfc/NdefRecord;->createExternal(Ljava/lang/String;Ljava/lang/String;[B)Landroid/nfc/NdefRecord;,public-api,system-api,test-api
Landroid/nfc/NdefRecord;->createMime(Ljava/lang/String;[B)Landroid/nfc/NdefRecord;,public-api,system-api,test-api
Landroid/nfc/NdefRecord;->createTextRecord(Ljava/lang/String;Ljava/lang/String;)Landroid/nfc/NdefRecord;,public-api,system-api,test-api
Landroid/nfc/NdefRecord;->createUri(Landroid/net/Uri;)Landroid/nfc/NdefRecord;,public-api,system-api,test-api
Landroid/nfc/NdefRecord;->createUri(Ljava/lang/String;)Landroid/nfc/NdefRecord;,public-api,system-api,test-api
Landroid/nfc/NdefRecord;->describeContents()I,public-api,system-api,test-api
Landroid/nfc/NdefRecord;->equals(Ljava/lang/Object;)Z,core-platform-api,public-api,system-api,test-api
Landroid/nfc/NdefRecord;->getId()[B,public-api,system-api,test-api
Landroid/nfc/NdefRecord;->getPayload()[B,public-api,system-api,test-api
Landroid/nfc/NdefRecord;->getTnf()S,public-api,system-api,test-api
Landroid/nfc/NdefRecord;->getType()[B,public-api,system-api,test-api
Landroid/nfc/NdefRecord;->hashCode()I,core-platform-api,public-api,system-api,test-api
Landroid/nfc/NdefRecord;->toByteArray()[B,public-api,system-api,test-api
Landroid/nfc/NdefRecord;->toMimeType()Ljava/lang/String;,public-api,system-api,test-api
Landroid/nfc/NdefRecord;->toString()Ljava/lang/String;,core-platform-api,public-api,system-api,test-api
Landroid/nfc/NdefRecord;->toUri()Landroid/net/Uri;,public-api,system-api,test-api
Landroid/nfc/NdefRecord;->writeToParcel(Landroid/os/Parcel;I)V,public-api,system-api,test-api
Landroid/nfc/NfcActivityManager;->onActivityCreated(Landroid/app/Activity;Landroid/os/Bundle;)V,public-api,system-api,test-api
Landroid/nfc/NfcActivityManager;->onActivityDestroyed(Landroid/app/Activity;)V,public-api,system-api,test-api
Landroid/nfc/NfcActivityManager;->onActivityPaused(Landroid/app/Activity;)V,public-api,system-api,test-api
Landroid/nfc/NfcActivityManager;->onActivityResumed(Landroid/app/Activity;)V,public-api,system-api,test-api
Landroid/nfc/NfcActivityManager;->onActivitySaveInstanceState(Landroid/app/Activity;Landroid/os/Bundle;)V,public-api,system-api,test-api
Landroid/nfc/NfcActivityManager;->onActivityStarted(Landroid/app/Activity;)V,public-api,system-api,test-api
Landroid/nfc/NfcActivityManager;->onActivityStopped(Landroid/app/Activity;)V,public-api,system-api,test-api
Landroid/nfc/NfcActivityState;->toString()Ljava/lang/String;,core-platform-api,public-api,system-api,test-api
Landroid/nfc/NfcAdapter$1$1;->run()V,core-platform-api,public-api,system-api,test-api
Landroid/nfc/NfcAdapter$ControllerAlwaysOnListener;->onControllerAlwaysOnChanged(Z)V,system-api,test-api
Landroid/nfc/NfcAdapter$CreateBeamUrisCallback;->createBeamUris(Landroid/nfc/NfcEvent;)[Landroid/net/Uri;,public-api,system-api,test-api
Landroid/nfc/NfcAdapter$CreateNdefMessageCallback;->createNdefMessage(Landroid/nfc/NfcEvent;)Landroid/nfc/NdefMessage;,public-api,system-api,test-api
Landroid/nfc/NfcAdapter$NfcUnlockHandler;->onUnlockAttempted(Landroid/nfc/Tag;)Z,system-api,test-api
Landroid/nfc/NfcAdapter$NfcVendorNciCallback;->onVendorNciNotification(II[B)V,system-api,test-api
Landroid/nfc/NfcAdapter$NfcVendorNciCallback;->onVendorNciResponse(II[B)V,system-api,test-api
Landroid/nfc/NfcAdapter$OnNdefPushCompleteCallback;->onNdefPushComplete(Landroid/nfc/NfcEvent;)V,public-api,system-api,test-api
Landroid/nfc/NfcAdapter$OnTagRemovedListener;->onTagRemoved()V,public-api,system-api,test-api
Landroid/nfc/NfcAdapter$ReaderCallback;->onTagDiscovered(Landroid/nfc/Tag;)V,public-api,system-api,test-api
Landroid/nfc/NfcAdapter;->ACTION_ADAPTER_STATE_CHANGED:Ljava/lang/String;,public-api,system-api,test-api
Landroid/nfc/NfcAdapter;->ACTION_CHANGE_TAG_INTENT_PREFERENCE:Ljava/lang/String;,public-api,system-api,test-api
Landroid/nfc/NfcAdapter;->ACTION_NDEF_DISCOVERED:Ljava/lang/String;,public-api,system-api,test-api
Landroid/nfc/NfcAdapter;->ACTION_PREFERRED_PAYMENT_CHANGED:Ljava/lang/String;,public-api,system-api,test-api
Landroid/nfc/NfcAdapter;->ACTION_REQUIRE_UNLOCK_FOR_NFC:Ljava/lang/String;,system-api,test-api
Landroid/nfc/NfcAdapter;->ACTION_SHOW_NFC_RESOLVER:Ljava/lang/String;,system-api,test-api
Landroid/nfc/NfcAdapter;->ACTION_TAG_DISCOVERED:Ljava/lang/String;,public-api,system-api,test-api
Landroid/nfc/NfcAdapter;->ACTION_TECH_DISCOVERED:Ljava/lang/String;,public-api,system-api,test-api
Landroid/nfc/NfcAdapter;->ACTION_TRANSACTION_DETECTED:Ljava/lang/String;,public-api,system-api,test-api
Landroid/nfc/NfcAdapter;->EXTRA_ADAPTER_STATE:Ljava/lang/String;,public-api,system-api,test-api
Landroid/nfc/NfcAdapter;->EXTRA_AID:Ljava/lang/String;,public-api,system-api,test-api
Landroid/nfc/NfcAdapter;->EXTRA_DATA:Ljava/lang/String;,public-api,system-api,test-api
Landroid/nfc/NfcAdapter;->EXTRA_ID:Ljava/lang/String;,public-api,system-api,test-api
Landroid/nfc/NfcAdapter;->EXTRA_NDEF_MESSAGES:Ljava/lang/String;,public-api,system-api,test-api
Landroid/nfc/NfcAdapter;->EXTRA_PREFERRED_PAYMENT_CHANGED_REASON:Ljava/lang/String;,public-api,system-api,test-api
Landroid/nfc/NfcAdapter;->EXTRA_READER_PRESENCE_CHECK_DELAY:Ljava/lang/String;,public-api,system-api,test-api
Landroid/nfc/NfcAdapter;->EXTRA_RESOLVE_INFOS:Ljava/lang/String;,system-api,test-api
Landroid/nfc/NfcAdapter;->EXTRA_SECURE_ELEMENT_NAME:Ljava/lang/String;,public-api,system-api,test-api
Landroid/nfc/NfcAdapter;->EXTRA_TAG:Ljava/lang/String;,public-api,system-api,test-api
Landroid/nfc/NfcAdapter;->FLAG_LISTEN_DISABLE:I,public-api,system-api,test-api
Landroid/nfc/NfcAdapter;->FLAG_LISTEN_KEEP:I,public-api,system-api,test-api
Landroid/nfc/NfcAdapter;->FLAG_LISTEN_NFC_PASSIVE_A:I,public-api,system-api,test-api
Landroid/nfc/NfcAdapter;->FLAG_LISTEN_NFC_PASSIVE_B:I,public-api,system-api,test-api
Landroid/nfc/NfcAdapter;->FLAG_LISTEN_NFC_PASSIVE_F:I,public-api,system-api,test-api
Landroid/nfc/NfcAdapter;->FLAG_READER_DISABLE:I,public-api,system-api,test-api
Landroid/nfc/NfcAdapter;->FLAG_READER_KEEP:I,public-api,system-api,test-api
Landroid/nfc/NfcAdapter;->FLAG_READER_NFC_A:I,public-api,system-api,test-api
Landroid/nfc/NfcAdapter;->FLAG_READER_NFC_B:I,public-api,system-api,test-api
Landroid/nfc/NfcAdapter;->FLAG_READER_NFC_BARCODE:I,public-api,system-api,test-api
Landroid/nfc/NfcAdapter;->FLAG_READER_NFC_F:I,public-api,system-api,test-api
Landroid/nfc/NfcAdapter;->FLAG_READER_NFC_V:I,public-api,system-api,test-api
Landroid/nfc/NfcAdapter;->FLAG_READER_NO_PLATFORM_SOUNDS:I,public-api,system-api,test-api
Landroid/nfc/NfcAdapter;->FLAG_READER_SKIP_NDEF_CHECK:I,public-api,system-api,test-api
Landroid/nfc/NfcAdapter;->FLAG_SET_DEFAULT_TECH:I,system-api,test-api
Landroid/nfc/NfcAdapter;->MESSAGE_TYPE_COMMAND:I,system-api,test-api
Landroid/nfc/NfcAdapter;->PREFERRED_PAYMENT_CHANGED:I,public-api,system-api,test-api
Landroid/nfc/NfcAdapter;->PREFERRED_PAYMENT_LOADED:I,public-api,system-api,test-api
Landroid/nfc/NfcAdapter;->PREFERRED_PAYMENT_UPDATED:I,public-api,system-api,test-api
Landroid/nfc/NfcAdapter;->SEND_VENDOR_NCI_STATUS_FAILED:I,system-api,test-api
Landroid/nfc/NfcAdapter;->SEND_VENDOR_NCI_STATUS_MESSAGE_CORRUPTED:I,system-api,test-api
Landroid/nfc/NfcAdapter;->SEND_VENDOR_NCI_STATUS_REJECTED:I,system-api,test-api
Landroid/nfc/NfcAdapter;->SEND_VENDOR_NCI_STATUS_SUCCESS:I,system-api,test-api
Landroid/nfc/NfcAdapter;->STATE_OFF:I,public-api,system-api,test-api
Landroid/nfc/NfcAdapter;->STATE_ON:I,public-api,system-api,test-api
Landroid/nfc/NfcAdapter;->STATE_TURNING_OFF:I,public-api,system-api,test-api
Landroid/nfc/NfcAdapter;->STATE_TURNING_ON:I,public-api,system-api,test-api
Landroid/nfc/NfcAdapter;->TAG_INTENT_APP_PREF_RESULT_PACKAGE_NOT_FOUND:I,system-api,test-api
Landroid/nfc/NfcAdapter;->TAG_INTENT_APP_PREF_RESULT_SUCCESS:I,system-api,test-api
Landroid/nfc/NfcAdapter;->TAG_INTENT_APP_PREF_RESULT_UNAVAILABLE:I,system-api,test-api
Landroid/nfc/NfcAdapter;->addNfcUnlockHandler(Landroid/nfc/NfcAdapter$NfcUnlockHandler;[Ljava/lang/String;)Z,system-api,test-api
Landroid/nfc/NfcAdapter;->disable()Z,public-api,system-api,test-api
Landroid/nfc/NfcAdapter;->disable(Z)Z,system-api,test-api
Landroid/nfc/NfcAdapter;->disableForegroundDispatch(Landroid/app/Activity;)V,public-api,system-api,test-api
Landroid/nfc/NfcAdapter;->disableReaderMode(Landroid/app/Activity;)V,public-api,system-api,test-api
Landroid/nfc/NfcAdapter;->enable()Z,public-api,system-api,test-api
Landroid/nfc/NfcAdapter;->enableForegroundDispatch(Landroid/app/Activity;Landroid/app/PendingIntent;[Landroid/content/IntentFilter;[[Ljava/lang/String;)V,public-api,system-api,test-api
Landroid/nfc/NfcAdapter;->enableReaderMode(Landroid/app/Activity;Landroid/nfc/NfcAdapter$ReaderCallback;ILandroid/os/Bundle;)V,public-api,system-api,test-api
Landroid/nfc/NfcAdapter;->enableReaderOption(Z)Z,system-api,test-api
Landroid/nfc/NfcAdapter;->enableSecureNfc(Z)Z,system-api,test-api
Landroid/nfc/NfcAdapter;->getAdapterState()I,system-api,test-api
Landroid/nfc/NfcAdapter;->getDefaultAdapter(Landroid/content/Context;)Landroid/nfc/NfcAdapter;,public-api,system-api,test-api
Landroid/nfc/NfcAdapter;->getNfcAntennaInfo()Landroid/nfc/NfcAntennaInfo;,public-api,system-api,test-api
Landroid/nfc/NfcAdapter;->getNfcOemExtension()Landroid/nfc/NfcOemExtension;,system-api,test-api
Landroid/nfc/NfcAdapter;->getTagIntentAppPreferenceForUser(I)Ljava/util/Map;,system-api,test-api
Landroid/nfc/NfcAdapter;->ignore(Landroid/nfc/Tag;ILandroid/nfc/NfcAdapter$OnTagRemovedListener;Landroid/os/Handler;)Z,public-api,system-api,test-api
Landroid/nfc/NfcAdapter;->isControllerAlwaysOn()Z,system-api,test-api
Landroid/nfc/NfcAdapter;->isControllerAlwaysOnSupported()Z,system-api,test-api
Landroid/nfc/NfcAdapter;->isEnabled()Z,public-api,system-api,test-api
Landroid/nfc/NfcAdapter;->isExitFramesSupported()Z,public-api,system-api,test-api
Landroid/nfc/NfcAdapter;->isObserveModeEnabled()Z,public-api,system-api,test-api
Landroid/nfc/NfcAdapter;->isObserveModeSupported()Z,public-api,system-api,test-api
Landroid/nfc/NfcAdapter;->isPowerSavingModeEnabled()Z,public-api,system-api,test-api
Landroid/nfc/NfcAdapter;->isPowerSavingModeSupported()Z,public-api,system-api,test-api
Landroid/nfc/NfcAdapter;->isReaderOptionEnabled()Z,public-api,system-api,test-api
Landroid/nfc/NfcAdapter;->isReaderOptionSupported()Z,public-api,system-api,test-api
Landroid/nfc/NfcAdapter;->isSecureNfcEnabled()Z,public-api,system-api,test-api
Landroid/nfc/NfcAdapter;->isSecureNfcSupported()Z,public-api,system-api,test-api
Landroid/nfc/NfcAdapter;->isTagIntentAllowed()Z,public-api,system-api,test-api
Landroid/nfc/NfcAdapter;->isTagIntentAppPreferenceSupported()Z,public-api,system-api,test-api
Landroid/nfc/NfcAdapter;->registerControllerAlwaysOnListener(Ljava/util/concurrent/Executor;Landroid/nfc/NfcAdapter$ControllerAlwaysOnListener;)V,system-api,test-api
Landroid/nfc/NfcAdapter;->registerNfcVendorNciCallback(Ljava/util/concurrent/Executor;Landroid/nfc/NfcAdapter$NfcVendorNciCallback;)V,system-api,test-api
Landroid/nfc/NfcAdapter;->removeNfcUnlockHandler(Landroid/nfc/NfcAdapter$NfcUnlockHandler;)Z,system-api,test-api
Landroid/nfc/NfcAdapter;->resetDiscoveryTechnology(Landroid/app/Activity;)V,public-api,system-api,test-api
Landroid/nfc/NfcAdapter;->sendVendorNciMessage(III[B)I,system-api,test-api
Landroid/nfc/NfcAdapter;->setControllerAlwaysOn(Z)Z,system-api,test-api
Landroid/nfc/NfcAdapter;->setDiscoveryTechnology(Landroid/app/Activity;II)V,public-api,system-api,test-api
Landroid/nfc/NfcAdapter;->setObserveModeEnabled(Z)Z,public-api,system-api,test-api
Landroid/nfc/NfcAdapter;->setPowerSavingMode(Z)V,public-api,system-api,test-api
Landroid/nfc/NfcAdapter;->setReaderModePollingEnabled(Z)V,system-api,test-api
Landroid/nfc/NfcAdapter;->setTagIntentAppPreferenceForUser(ILjava/lang/String;Z)I,system-api,test-api
Landroid/nfc/NfcAdapter;->unregisterControllerAlwaysOnListener(Landroid/nfc/NfcAdapter$ControllerAlwaysOnListener;)V,system-api,test-api
Landroid/nfc/NfcAdapter;->unregisterNfcVendorNciCallback(Landroid/nfc/NfcAdapter$NfcVendorNciCallback;)V,system-api,test-api
Landroid/nfc/NfcAntennaInfo$1;->createFromParcel(Landroid/os/Parcel;)Ljava/lang/Object;,public-api,system-api,test-api
Landroid/nfc/NfcAntennaInfo$1;->newArray(I)[Ljava/lang/Object;,public-api,system-api,test-api
Landroid/nfc/NfcAntennaInfo;-><init>(IIZLjava/util/List;)V,public-api,system-api,test-api
Landroid/nfc/NfcAntennaInfo;->CREATOR:Landroid/os/Parcelable$Creator;,public-api,system-api,test-api
Landroid/nfc/NfcAntennaInfo;->describeContents()I,public-api,system-api,test-api
Landroid/nfc/NfcAntennaInfo;->getAvailableNfcAntennas()Ljava/util/List;,public-api,system-api,test-api
Landroid/nfc/NfcAntennaInfo;->getDeviceHeight()I,public-api,system-api,test-api
Landroid/nfc/NfcAntennaInfo;->getDeviceWidth()I,public-api,system-api,test-api
Landroid/nfc/NfcAntennaInfo;->isDeviceFoldable()Z,public-api,system-api,test-api
Landroid/nfc/NfcAntennaInfo;->writeToParcel(Landroid/os/Parcel;I)V,public-api,system-api,test-api
Landroid/nfc/NfcControllerAlwaysOnListener$$ExternalSyntheticLambda0;->run()V,core-platform-api,public-api,system-api,test-api
Landroid/nfc/NfcControllerAlwaysOnListener$1$1;->run()V,core-platform-api,public-api,system-api,test-api
Landroid/nfc/NfcControllerAlwaysOnListener$1;->binderDied()V,public-api,system-api,test-api
Landroid/nfc/NfcEvent;->nfcAdapter:Landroid/nfc/NfcAdapter;,public-api,system-api,test-api
Landroid/nfc/NfcEvent;->peerLlcpMajorVersion:I,public-api,system-api,test-api
Landroid/nfc/NfcEvent;->peerLlcpMinorVersion:I,public-api,system-api,test-api
Landroid/nfc/NfcFrameworkInitializer$$ExternalSyntheticLambda0;->createService(Landroid/content/Context;)Ljava/lang/Object;,system-api,test-api
Landroid/nfc/NfcGestureExchangeCallbackListener$$ExternalSyntheticLambda0;->run()V,core-platform-api,public-api,system-api,test-api
Landroid/nfc/NfcGestureExchangeCallbackListener$$ExternalSyntheticLambda2;->run()V,core-platform-api,public-api,system-api,test-api
Landroid/nfc/NfcGestureExchangeCallbackListener$1$1;->run()V,core-platform-api,public-api,system-api,test-api
Landroid/nfc/NfcGestureExchangeCallbackListener$1;->binderDied()V,public-api,system-api,test-api
Landroid/nfc/NfcManager;->getDefaultAdapter()Landroid/nfc/NfcAdapter;,public-api,system-api,test-api
Landroid/nfc/NfcOemExtension$$ExternalSyntheticLambda14;->run()V,core-platform-api,public-api,system-api,test-api
Landroid/nfc/NfcOemExtension$1$1;->run()V,core-platform-api,public-api,system-api,test-api
Landroid/nfc/NfcOemExtension$1;->binderDied()V,public-api,system-api,test-api
Landroid/nfc/NfcOemExtension$Callback;->onApplyRouting(Ljava/util/function/Consumer;)V,system-api,test-api
Landroid/nfc/NfcOemExtension$Callback;->onBootFinished(I)V,system-api,test-api
Landroid/nfc/NfcOemExtension$Callback;->onBootStarted()V,system-api,test-api
Landroid/nfc/NfcOemExtension$Callback;->onCardEmulationActivated(Z)V,system-api,test-api
Landroid/nfc/NfcOemExtension$Callback;->onDisableFinished(I)V,system-api,test-api
Landroid/nfc/NfcOemExtension$Callback;->onDisableRequested(Ljava/util/function/Consumer;)V,system-api,test-api
Landroid/nfc/NfcOemExtension$Callback;->onDisableStarted()V,system-api,test-api
Landroid/nfc/NfcOemExtension$Callback;->onEeListenActivated(Z)V,system-api,test-api
Landroid/nfc/NfcOemExtension$Callback;->onEeUpdated()V,system-api,test-api
Landroid/nfc/NfcOemExtension$Callback;->onEnableFinished(I)V,system-api,test-api
Landroid/nfc/NfcOemExtension$Callback;->onEnableRequested(Ljava/util/function/Consumer;)V,system-api,test-api
Landroid/nfc/NfcOemExtension$Callback;->onEnableStarted()V,system-api,test-api
Landroid/nfc/NfcOemExtension$Callback;->onExtractOemPackages(Landroid/nfc/NdefMessage;Ljava/util/function/Consumer;)V,system-api,test-api
Landroid/nfc/NfcOemExtension$Callback;->onGetOemAppSearchIntent(Ljava/util/List;Ljava/util/function/Consumer;)V,system-api,test-api
Landroid/nfc/NfcOemExtension$Callback;->onHceEventReceived(I)V,system-api,test-api
Landroid/nfc/NfcOemExtension$Callback;->onLaunchHceAppChooserActivity(Ljava/lang/String;Ljava/util/List;Landroid/content/ComponentName;Ljava/lang/String;)V,system-api,test-api
Landroid/nfc/NfcOemExtension$Callback;->onLaunchHceTapAgainDialog(Landroid/nfc/cardemulation/ApduServiceInfo;Ljava/lang/String;)V,system-api,test-api
Landroid/nfc/NfcOemExtension$Callback;->onLogEventNotified(Landroid/nfc/OemLogItems;)V,system-api,test-api
Landroid/nfc/NfcOemExtension$Callback;->onNdefMessage(Landroid/nfc/Tag;Landroid/nfc/NdefMessage;Ljava/util/function/Consumer;)V,system-api,test-api
Landroid/nfc/NfcOemExtension$Callback;->onNdefRead(Ljava/util/function/Consumer;)V,system-api,test-api
Landroid/nfc/NfcOemExtension$Callback;->onReaderOptionChanged(Z)V,system-api,test-api
Landroid/nfc/NfcOemExtension$Callback;->onRfDiscoveryStarted(Z)V,system-api,test-api
Landroid/nfc/NfcOemExtension$Callback;->onRfFieldDetected(Z)V,system-api,test-api
Landroid/nfc/NfcOemExtension$Callback;->onRoutingChangeCompleted()V,system-api,test-api
Landroid/nfc/NfcOemExtension$Callback;->onRoutingChanged(Ljava/util/function/Consumer;)V,system-api,test-api
Landroid/nfc/NfcOemExtension$Callback;->onRoutingTableFull()V,system-api,test-api
Landroid/nfc/NfcOemExtension$Callback;->onStateUpdated(I)V,system-api,test-api
Landroid/nfc/NfcOemExtension$Callback;->onTagConnected(Z)V,system-api,test-api
Landroid/nfc/NfcOemExtension$Callback;->onTagDispatch(Ljava/util/function/Consumer;)V,system-api,test-api
Landroid/nfc/NfcOemExtension$NfcOemExtensionCallback$$ExternalSyntheticLambda0;->accept(Ljava/lang/Object;)V,core-platform-api,public-api,system-api,test-api
Landroid/nfc/NfcOemExtension$NfcOemExtensionCallback$$ExternalSyntheticLambda10;->accept(Ljava/lang/Object;)V,core-platform-api,public-api,system-api,test-api
Landroid/nfc/NfcOemExtension$NfcOemExtensionCallback$$ExternalSyntheticLambda11;->run()V,core-platform-api,public-api,system-api,test-api
Landroid/nfc/NfcOemExtension$NfcOemExtensionCallback$$ExternalSyntheticLambda12;->accept(Ljava/lang/Object;Ljava/lang/Object;)V,core-platform-api,public-api,system-api,test-api
Landroid/nfc/NfcOemExtension$NfcOemExtensionCallback$$ExternalSyntheticLambda13;->accept(Ljava/lang/Object;Ljava/lang/Object;)V,core-platform-api,public-api,system-api,test-api
Landroid/nfc/NfcOemExtension$NfcOemExtensionCallback$$ExternalSyntheticLambda14;->accept(Ljava/lang/Object;Ljava/lang/Object;)V,core-platform-api,public-api,system-api,test-api
Landroid/nfc/NfcOemExtension$NfcOemExtensionCallback$$ExternalSyntheticLambda15;->accept(Ljava/lang/Object;Ljava/lang/Object;)V,core-platform-api,public-api,system-api,test-api
Landroid/nfc/NfcOemExtension$NfcOemExtensionCallback$$ExternalSyntheticLambda16;->accept(Ljava/lang/Object;Ljava/lang/Object;)V,core-platform-api,public-api,system-api,test-api
Landroid/nfc/NfcOemExtension$NfcOemExtensionCallback$$ExternalSyntheticLambda17;->accept(Ljava/lang/Object;)V,core-platform-api,public-api,system-api,test-api
Landroid/nfc/NfcOemExtension$NfcOemExtensionCallback$$ExternalSyntheticLambda18;->accept(Ljava/lang/Object;Ljava/lang/Object;)V,core-platform-api,public-api,system-api,test-api
Landroid/nfc/NfcOemExtension$NfcOemExtensionCallback$$ExternalSyntheticLambda19;->call()Ljava/lang/Object;,core-platform-api,public-api,system-api,test-api
Landroid/nfc/NfcOemExtension$NfcOemExtensionCallback$$ExternalSyntheticLambda1;->run()V,core-platform-api,public-api,system-api,test-api
Landroid/nfc/NfcOemExtension$NfcOemExtensionCallback$$ExternalSyntheticLambda20;->accept(Ljava/lang/Object;)V,core-platform-api,public-api,system-api,test-api
Landroid/nfc/NfcOemExtension$NfcOemExtensionCallback$$ExternalSyntheticLambda21;->accept(Ljava/lang/Object;Ljava/lang/Object;)V,core-platform-api,public-api,system-api,test-api
Landroid/nfc/NfcOemExtension$NfcOemExtensionCallback$$ExternalSyntheticLambda22;->accept(Ljava/lang/Object;)V,core-platform-api,public-api,system-api,test-api
Landroid/nfc/NfcOemExtension$NfcOemExtensionCallback$$ExternalSyntheticLambda23;->accept(Ljava/lang/Object;)V,core-platform-api,public-api,system-api,test-api
Landroid/nfc/NfcOemExtension$NfcOemExtensionCallback$$ExternalSyntheticLambda24;->accept(Ljava/lang/Object;Ljava/lang/Object;)V,core-platform-api,public-api,system-api,test-api
Landroid/nfc/NfcOemExtension$NfcOemExtensionCallback$$ExternalSyntheticLambda25;->accept(Ljava/lang/Object;Ljava/lang/Object;)V,core-platform-api,public-api,system-api,test-api
Landroid/nfc/NfcOemExtension$NfcOemExtensionCallback$$ExternalSyntheticLambda26;->accept(Ljava/lang/Object;Ljava/lang/Object;)V,core-platform-api,public-api,system-api,test-api
Landroid/nfc/NfcOemExtension$NfcOemExtensionCallback$$ExternalSyntheticLambda27;->run()V,core-platform-api,public-api,system-api,test-api
Landroid/nfc/NfcOemExtension$NfcOemExtensionCallback$$ExternalSyntheticLambda28;->accept(Ljava/lang/Object;)V,core-platform-api,public-api,system-api,test-api
Landroid/nfc/NfcOemExtension$NfcOemExtensionCallback$$ExternalSyntheticLambda29;->accept(Ljava/lang/Object;Ljava/lang/Object;)V,core-platform-api,public-api,system-api,test-api
Landroid/nfc/NfcOemExtension$NfcOemExtensionCallback$$ExternalSyntheticLambda2;->accept(Ljava/lang/Object;Ljava/lang/Object;)V,core-platform-api,public-api,system-api,test-api
Landroid/nfc/NfcOemExtension$NfcOemExtensionCallback$$ExternalSyntheticLambda30;->accept(Ljava/lang/Object;Ljava/lang/Object;)V,core-platform-api,public-api,system-api,test-api
Landroid/nfc/NfcOemExtension$NfcOemExtensionCallback$$ExternalSyntheticLambda31;->accept(Ljava/lang/Object;Ljava/lang/Object;)V,core-platform-api,public-api,system-api,test-api
Landroid/nfc/NfcOemExtension$NfcOemExtensionCallback$$ExternalSyntheticLambda32;->run()V,core-platform-api,public-api,system-api,test-api
Landroid/nfc/NfcOemExtension$NfcOemExtensionCallback$$ExternalSyntheticLambda33;->accept(Ljava/lang/Object;)V,core-platform-api,public-api,system-api,test-api
Landroid/nfc/NfcOemExtension$NfcOemExtensionCallback$$ExternalSyntheticLambda34;->accept(Ljava/lang/Object;Ljava/lang/Object;)V,core-platform-api,public-api,system-api,test-api
Landroid/nfc/NfcOemExtension$NfcOemExtensionCallback$$ExternalSyntheticLambda35;->accept(Ljava/lang/Object;Ljava/lang/Object;)V,core-platform-api,public-api,system-api,test-api
Landroid/nfc/NfcOemExtension$NfcOemExtensionCallback$$ExternalSyntheticLambda36;->accept(Ljava/lang/Object;Ljava/lang/Object;)V,core-platform-api,public-api,system-api,test-api
Landroid/nfc/NfcOemExtension$NfcOemExtensionCallback$$ExternalSyntheticLambda37;->accept(Ljava/lang/Object;)V,core-platform-api,public-api,system-api,test-api
Landroid/nfc/NfcOemExtension$NfcOemExtensionCallback$$ExternalSyntheticLambda38;->accept(Ljava/lang/Object;)V,core-platform-api,public-api,system-api,test-api
Landroid/nfc/NfcOemExtension$NfcOemExtensionCallback$$ExternalSyntheticLambda39;->accept(Ljava/lang/Object;)V,core-platform-api,public-api,system-api,test-api
Landroid/nfc/NfcOemExtension$NfcOemExtensionCallback$$ExternalSyntheticLambda3;->run()V,core-platform-api,public-api,system-api,test-api
Landroid/nfc/NfcOemExtension$NfcOemExtensionCallback$$ExternalSyntheticLambda40;->accept(Ljava/lang/Object;)V,core-platform-api,public-api,system-api,test-api
Landroid/nfc/NfcOemExtension$NfcOemExtensionCallback$$ExternalSyntheticLambda41;->accept(Ljava/lang/Object;)V,core-platform-api,public-api,system-api,test-api
Landroid/nfc/NfcOemExtension$NfcOemExtensionCallback$$ExternalSyntheticLambda42;->accept(Ljava/lang/Object;)V,core-platform-api,public-api,system-api,test-api
Landroid/nfc/NfcOemExtension$NfcOemExtensionCallback$$ExternalSyntheticLambda43;->accept(Ljava/lang/Object;)V,core-platform-api,public-api,system-api,test-api
Landroid/nfc/NfcOemExtension$NfcOemExtensionCallback$$ExternalSyntheticLambda44;->accept(Ljava/lang/Object;Ljava/lang/Object;)V,core-platform-api,public-api,system-api,test-api
Landroid/nfc/NfcOemExtension$NfcOemExtensionCallback$$ExternalSyntheticLambda45;->accept(Ljava/lang/Object;Ljava/lang/Object;)V,core-platform-api,public-api,system-api,test-api
Landroid/nfc/NfcOemExtension$NfcOemExtensionCallback$$ExternalSyntheticLambda46;->accept(Ljava/lang/Object;)V,core-platform-api,public-api,system-api,test-api
Landroid/nfc/NfcOemExtension$NfcOemExtensionCallback$$ExternalSyntheticLambda47;->accept(Ljava/lang/Object;Ljava/lang/Object;)V,core-platform-api,public-api,system-api,test-api
Landroid/nfc/NfcOemExtension$NfcOemExtensionCallback$$ExternalSyntheticLambda48;->accept(Ljava/lang/Object;Ljava/lang/Object;)V,core-platform-api,public-api,system-api,test-api
Landroid/nfc/NfcOemExtension$NfcOemExtensionCallback$$ExternalSyntheticLambda49;->accept(Ljava/lang/Object;Ljava/lang/Object;)V,core-platform-api,public-api,system-api,test-api
Landroid/nfc/NfcOemExtension$NfcOemExtensionCallback$$ExternalSyntheticLambda4;->call()Ljava/lang/Object;,core-platform-api,public-api,system-api,test-api
Landroid/nfc/NfcOemExtension$NfcOemExtensionCallback$$ExternalSyntheticLambda50;->accept(Ljava/lang/Object;Ljava/lang/Object;)V,core-platform-api,public-api,system-api,test-api
Landroid/nfc/NfcOemExtension$NfcOemExtensionCallback$$ExternalSyntheticLambda51;->accept(Ljava/lang/Object;Ljava/lang/Object;)V,core-platform-api,public-api,system-api,test-api
Landroid/nfc/NfcOemExtension$NfcOemExtensionCallback$$ExternalSyntheticLambda52;->accept(Ljava/lang/Object;Ljava/lang/Object;)V,core-platform-api,public-api,system-api,test-api
Landroid/nfc/NfcOemExtension$NfcOemExtensionCallback$$ExternalSyntheticLambda53;->accept(Ljava/lang/Object;)V,core-platform-api,public-api,system-api,test-api
Landroid/nfc/NfcOemExtension$NfcOemExtensionCallback$$ExternalSyntheticLambda54;->accept(Ljava/lang/Object;)V,core-platform-api,public-api,system-api,test-api
Landroid/nfc/NfcOemExtension$NfcOemExtensionCallback$$ExternalSyntheticLambda55;->accept(Ljava/lang/Object;Ljava/lang/Object;)V,core-platform-api,public-api,system-api,test-api
Landroid/nfc/NfcOemExtension$NfcOemExtensionCallback$$ExternalSyntheticLambda56;->accept(Ljava/lang/Object;)V,core-platform-api,public-api,system-api,test-api
Landroid/nfc/NfcOemExtension$NfcOemExtensionCallback$$ExternalSyntheticLambda57;->accept(Ljava/lang/Object;)V,core-platform-api,public-api,system-api,test-api
Landroid/nfc/NfcOemExtension$NfcOemExtensionCallback$$ExternalSyntheticLambda58;->accept(Ljava/lang/Object;Ljava/lang/Object;)V,core-platform-api,public-api,system-api,test-api
Landroid/nfc/NfcOemExtension$NfcOemExtensionCallback$$ExternalSyntheticLambda59;->accept(Ljava/lang/Object;Ljava/lang/Object;)V,core-platform-api,public-api,system-api,test-api
Landroid/nfc/NfcOemExtension$NfcOemExtensionCallback$$ExternalSyntheticLambda5;->accept(Ljava/lang/Object;Ljava/lang/Object;)V,core-platform-api,public-api,system-api,test-api
Landroid/nfc/NfcOemExtension$NfcOemExtensionCallback$$ExternalSyntheticLambda60;->accept(Ljava/lang/Object;)V,core-platform-api,public-api,system-api,test-api
Landroid/nfc/NfcOemExtension$NfcOemExtensionCallback$$ExternalSyntheticLambda61;->accept(Ljava/lang/Object;)V,core-platform-api,public-api,system-api,test-api
Landroid/nfc/NfcOemExtension$NfcOemExtensionCallback$$ExternalSyntheticLambda6;->accept(Ljava/lang/Object;Ljava/lang/Object;)V,core-platform-api,public-api,system-api,test-api
Landroid/nfc/NfcOemExtension$NfcOemExtensionCallback$$ExternalSyntheticLambda7;->accept(Ljava/lang/Object;Ljava/lang/Object;)V,core-platform-api,public-api,system-api,test-api
Landroid/nfc/NfcOemExtension$NfcOemExtensionCallback$$ExternalSyntheticLambda8;->accept(Ljava/lang/Object;)V,core-platform-api,public-api,system-api,test-api
Landroid/nfc/NfcOemExtension$NfcOemExtensionCallback$$ExternalSyntheticLambda9;->accept(Ljava/lang/Object;)V,core-platform-api,public-api,system-api,test-api
Landroid/nfc/NfcOemExtension$ReceiverWrapper$$ExternalSyntheticLambda0;->test(Ljava/lang/Object;)Z,core-platform-api,public-api,system-api,test-api
Landroid/nfc/NfcOemExtension$ReceiverWrapper$$ExternalSyntheticLambda1;->apply(Ljava/lang/Object;)Ljava/lang/Object;,core-platform-api,public-api,system-api,test-api
Landroid/nfc/NfcOemExtension$ReceiverWrapper$$ExternalSyntheticLambda2;->apply(I)Ljava/lang/Object;,core-platform-api,public-api,system-api,test-api
Landroid/nfc/NfcOemExtension$ReceiverWrapper;->accept(Ljava/lang/Object;)V,core-platform-api,public-api,system-api,test-api
Landroid/nfc/NfcOemExtension$ReceiverWrapper;->andThen(Ljava/util/function/Consumer;)Ljava/util/function/Consumer;,core-platform-api,public-api,system-api,test-api
Landroid/nfc/NfcOemExtension;->COMMIT_ROUTING_STATUS_FAILED:I,system-api,test-api
Landroid/nfc/NfcOemExtension;->COMMIT_ROUTING_STATUS_FAILED_UPDATE_IN_PROGRESS:I,system-api,test-api
Landroid/nfc/NfcOemExtension;->COMMIT_ROUTING_STATUS_OK:I,system-api,test-api
Landroid/nfc/NfcOemExtension;->DISABLE:I,system-api,test-api
Landroid/nfc/NfcOemExtension;->EMULATE_NFC_A_TAG_STATUS_FAILED_INTERNAL:I,system-api,test-api
Landroid/nfc/NfcOemExtension;->EMULATE_NFC_A_TAG_STATUS_FAILED_NFC_NOT_ENABLED:I,system-api,test-api
Landroid/nfc/NfcOemExtension;->EMULATE_NFC_A_TAG_STATUS_OK:I,system-api,test-api
Landroid/nfc/NfcOemExtension;->ENABLE_DEFAULT:I,system-api,test-api
Landroid/nfc/NfcOemExtension;->ENABLE_EE:I,system-api,test-api
Landroid/nfc/NfcOemExtension;->ENABLE_TRANSPARENT:I,system-api,test-api
Landroid/nfc/NfcOemExtension;->HCE_ACTIVATE:I,system-api,test-api
Landroid/nfc/NfcOemExtension;->HCE_DATA_TRANSFERRED:I,system-api,test-api
Landroid/nfc/NfcOemExtension;->HCE_DEACTIVATE:I,system-api,test-api
Landroid/nfc/NfcOemExtension;->NFCEE_TECH_A:I,system-api,test-api
Landroid/nfc/NfcOemExtension;->NFCEE_TECH_B:I,system-api,test-api
Landroid/nfc/NfcOemExtension;->NFCEE_TECH_F:I,system-api,test-api
Landroid/nfc/NfcOemExtension;->NFCEE_TECH_NONE:I,system-api,test-api
Landroid/nfc/NfcOemExtension;->POLLING_STATE_CHANGE_ALREADY_IN_REQUESTED_STATE:I,system-api,test-api
Landroid/nfc/NfcOemExtension;->POLLING_STATE_CHANGE_SUCCEEDED:I,system-api,test-api
Landroid/nfc/NfcOemExtension;->STATUS_OK:I,system-api,test-api
Landroid/nfc/NfcOemExtension;->STATUS_UNKNOWN_ERROR:I,system-api,test-api
Landroid/nfc/NfcOemExtension;->clearPreference()V,system-api,test-api
Landroid/nfc/NfcOemExtension;->emulateNfcTechnologyATag(ZBBB[BB[B)I,system-api,test-api
Landroid/nfc/NfcOemExtension;->forceRoutingTableCommit()I,system-api,test-api
Landroid/nfc/NfcOemExtension;->getActiveNfceeList()Ljava/util/Map;,system-api,test-api
Landroid/nfc/NfcOemExtension;->getMaxPausePollingTimeoutMills()J,system-api,test-api
Landroid/nfc/NfcOemExtension;->getRoutingStatus()Landroid/nfc/RoutingStatus;,system-api,test-api
Landroid/nfc/NfcOemExtension;->getRoutingTable()Ljava/util/List;,system-api,test-api
Landroid/nfc/NfcOemExtension;->getT4tNdefNfcee()Landroid/nfc/T4tNdefNfcee;,system-api,test-api
Landroid/nfc/NfcOemExtension;->hasUserEnabledNfc()Z,system-api,test-api
Landroid/nfc/NfcOemExtension;->isAutoChangeEnabled()Z,system-api,test-api
Landroid/nfc/NfcOemExtension;->isTagPresent()Z,system-api,test-api
Landroid/nfc/NfcOemExtension;->maybeTriggerFirmwareUpdate()V,system-api,test-api
Landroid/nfc/NfcOemExtension;->overwriteRoutingTable(IIII)V,system-api,test-api
Landroid/nfc/NfcOemExtension;->overwriteRoutingTable(IIIII)V,system-api,test-api
Landroid/nfc/NfcOemExtension;->pausePolling(J)I,system-api,test-api
Landroid/nfc/NfcOemExtension;->registerCallback(Ljava/util/concurrent/Executor;Landroid/nfc/NfcOemExtension$Callback;)V,system-api,test-api
Landroid/nfc/NfcOemExtension;->resumePolling()I,system-api,test-api
Landroid/nfc/NfcOemExtension;->setAutoChangeEnabled(Z)V,system-api,test-api
Landroid/nfc/NfcOemExtension;->setControllerAlwaysOnMode(I)V,system-api,test-api
Landroid/nfc/NfcOemExtension;->synchronizeScreenState()V,system-api,test-api
Landroid/nfc/NfcOemExtension;->triggerInitialization()V,system-api,test-api
Landroid/nfc/NfcOemExtension;->unregisterCallback(Landroid/nfc/NfcOemExtension$Callback;)V,system-api,test-api
Landroid/nfc/NfcRoutingTableEntry;->TYPE_AID:I,system-api,test-api
Landroid/nfc/NfcRoutingTableEntry;->TYPE_PROTOCOL:I,system-api,test-api
Landroid/nfc/NfcRoutingTableEntry;->TYPE_SYSTEM_CODE:I,system-api,test-api
Landroid/nfc/NfcRoutingTableEntry;->TYPE_TECHNOLOGY:I,system-api,test-api
Landroid/nfc/NfcRoutingTableEntry;->getNfceeId()I,system-api,test-api
Landroid/nfc/NfcRoutingTableEntry;->getRouteType()I,system-api,test-api
Landroid/nfc/NfcRoutingTableEntry;->getType()I,system-api,test-api
Landroid/nfc/NfcVendorNciCallbackListener$$ExternalSyntheticLambda0;->run()V,core-platform-api,public-api,system-api,test-api
Landroid/nfc/NfcVendorNciCallbackListener$$ExternalSyntheticLambda1;->run()V,core-platform-api,public-api,system-api,test-api
Landroid/nfc/NfcVendorNciCallbackListener$1$1;->run()V,core-platform-api,public-api,system-api,test-api
Landroid/nfc/NfcVendorNciCallbackListener$1;->binderDied()V,public-api,system-api,test-api
Landroid/nfc/NfcWlcStateListener$$ExternalSyntheticLambda0;->run()V,core-platform-api,public-api,system-api,test-api
Landroid/nfc/OemLogItems$1;->createFromParcel(Landroid/os/Parcel;)Ljava/lang/Object;,public-api,system-api,test-api
Landroid/nfc/OemLogItems$1;->newArray(I)[Ljava/lang/Object;,public-api,system-api,test-api
Landroid/nfc/OemLogItems;->CREATOR:Landroid/os/Parcelable$Creator;,system-api,test-api
Landroid/nfc/OemLogItems;->EVENT_DISABLE:I,system-api,test-api
Landroid/nfc/OemLogItems;->EVENT_ENABLE:I,system-api,test-api
Landroid/nfc/OemLogItems;->EVENT_UNSET:I,system-api,test-api
Landroid/nfc/OemLogItems;->LOG_ACTION_HCE_DATA:I,system-api,test-api
Landroid/nfc/OemLogItems;->LOG_ACTION_NFC_TOGGLE:I,system-api,test-api
Landroid/nfc/OemLogItems;->LOG_ACTION_RF_FIELD_STATE_CHANGED:I,system-api,test-api
Landroid/nfc/OemLogItems;->LOG_ACTION_SCREEN_STATE_CHANGED:I,system-api,test-api
Landroid/nfc/OemLogItems;->LOG_ACTION_TAG_DETECTED:I,system-api,test-api
Landroid/nfc/OemLogItems;->describeContents()I,public-api,system-api,test-api
Landroid/nfc/OemLogItems;->getAction()I,system-api,test-api
Landroid/nfc/OemLogItems;->getCallingPid()I,system-api,test-api
Landroid/nfc/OemLogItems;->getCommandApdu()[B,system-api,test-api
Landroid/nfc/OemLogItems;->getEvent()I,system-api,test-api
Landroid/nfc/OemLogItems;->getResponseApdu()[B,system-api,test-api
Landroid/nfc/OemLogItems;->getRfFieldEventTimeMillis()Ljava/time/Instant;,system-api,test-api
Landroid/nfc/OemLogItems;->getTag()Landroid/nfc/Tag;,system-api,test-api
Landroid/nfc/OemLogItems;->toString()Ljava/lang/String;,core-platform-api,public-api,system-api,test-api
Landroid/nfc/OemLogItems;->writeToParcel(Landroid/os/Parcel;I)V,public-api,system-api,test-api
Landroid/nfc/PackageAndUser;->equals(Ljava/lang/Object;)Z,core-platform-api,public-api,system-api,test-api
Landroid/nfc/PackageAndUser;->hashCode()I,core-platform-api,public-api,system-api,test-api
Landroid/nfc/PackageAndUser;->toString()Ljava/lang/String;,core-platform-api,public-api,system-api,test-api
Landroid/nfc/RfDiscoverConfig$1;->createFromParcel(Landroid/os/Parcel;)Ljava/lang/Object;,public-api,system-api,test-api
Landroid/nfc/RfDiscoverConfig$1;->newArray(I)[Ljava/lang/Object;,public-api,system-api,test-api
Landroid/nfc/RfDiscoverConfig;->describeContents()I,public-api,system-api,test-api
Landroid/nfc/RfDiscoverConfig;->writeToParcel(Landroid/os/Parcel;I)V,public-api,system-api,test-api
Landroid/nfc/RoutingStatus;->getDefaultFelicaRoute()I,system-api,test-api
Landroid/nfc/RoutingStatus;->getDefaultIsoDepRoute()I,system-api,test-api
Landroid/nfc/RoutingStatus;->getDefaultOffHostRoute()I,system-api,test-api
Landroid/nfc/RoutingStatus;->getDefaultRoute()I,system-api,test-api
Landroid/nfc/RoutingTableAidEntry;->getAid()Ljava/lang/String;,system-api,test-api
Landroid/nfc/RoutingTableProtocolEntry;->PROTOCOL_ISO_DEP:I,system-api,test-api
Landroid/nfc/RoutingTableProtocolEntry;->PROTOCOL_NDEF:I,system-api,test-api
Landroid/nfc/RoutingTableProtocolEntry;->PROTOCOL_NFC_DEP:I,system-api,test-api
Landroid/nfc/RoutingTableProtocolEntry;->PROTOCOL_T1T:I,system-api,test-api
Landroid/nfc/RoutingTableProtocolEntry;->PROTOCOL_T2T:I,system-api,test-api
Landroid/nfc/RoutingTableProtocolEntry;->PROTOCOL_T3T:I,system-api,test-api
Landroid/nfc/RoutingTableProtocolEntry;->PROTOCOL_T5T:I,system-api,test-api
Landroid/nfc/RoutingTableProtocolEntry;->PROTOCOL_UNDETERMINED:I,system-api,test-api
Landroid/nfc/RoutingTableProtocolEntry;->PROTOCOL_UNSUPPORTED:I,system-api,test-api
Landroid/nfc/RoutingTableProtocolEntry;->getProtocol()I,system-api,test-api
Landroid/nfc/RoutingTableSystemCodeEntry;->getSystemCode()[B,system-api,test-api
Landroid/nfc/RoutingTableTechnologyEntry;->TECHNOLOGY_A:I,system-api,test-api
Landroid/nfc/RoutingTableTechnologyEntry;->TECHNOLOGY_B:I,system-api,test-api
Landroid/nfc/RoutingTableTechnologyEntry;->TECHNOLOGY_F:I,system-api,test-api
Landroid/nfc/RoutingTableTechnologyEntry;->TECHNOLOGY_UNSUPPORTED:I,system-api,test-api
Landroid/nfc/RoutingTableTechnologyEntry;->TECHNOLOGY_V:I,system-api,test-api
Landroid/nfc/RoutingTableTechnologyEntry;->getTechnology()I,system-api,test-api
Landroid/nfc/T4tNdefNfcee;->CLEAR_DATA_FAILED_DEVICE_BUSY:I,system-api,test-api
Landroid/nfc/T4tNdefNfcee;->CLEAR_DATA_FAILED_INTERNAL:I,system-api,test-api
Landroid/nfc/T4tNdefNfcee;->CLEAR_DATA_SUCCESS:I,system-api,test-api
Landroid/nfc/T4tNdefNfcee;->WRITE_DATA_ERROR_CONNECTION_FAILED:I,system-api,test-api
Landroid/nfc/T4tNdefNfcee;->WRITE_DATA_ERROR_DEVICE_BUSY:I,system-api,test-api
Landroid/nfc/T4tNdefNfcee;->WRITE_DATA_ERROR_EMPTY_PAYLOAD:I,system-api,test-api
Landroid/nfc/T4tNdefNfcee;->WRITE_DATA_ERROR_INTERNAL:I,system-api,test-api
Landroid/nfc/T4tNdefNfcee;->WRITE_DATA_ERROR_INVALID_FILE_ID:I,system-api,test-api
Landroid/nfc/T4tNdefNfcee;->WRITE_DATA_ERROR_INVALID_LENGTH:I,system-api,test-api
Landroid/nfc/T4tNdefNfcee;->WRITE_DATA_ERROR_NDEF_VALIDATION_FAILED:I,system-api,test-api
Landroid/nfc/T4tNdefNfcee;->WRITE_DATA_ERROR_NFC_NOT_ON:I,system-api,test-api
Landroid/nfc/T4tNdefNfcee;->WRITE_DATA_ERROR_RF_ACTIVATED:I,system-api,test-api
Landroid/nfc/T4tNdefNfcee;->WRITE_DATA_SUCCESS:I,system-api,test-api
Landroid/nfc/T4tNdefNfcee;->clearData()I,system-api,test-api
Landroid/nfc/T4tNdefNfcee;->isOperationOngoing()Z,system-api,test-api
Landroid/nfc/T4tNdefNfcee;->isSupported()Z,system-api,test-api
Landroid/nfc/T4tNdefNfcee;->readCcfile()Landroid/nfc/T4tNdefNfceeCcFileInfo;,system-api,test-api
Landroid/nfc/T4tNdefNfcee;->readData(I)[B,system-api,test-api
Landroid/nfc/T4tNdefNfcee;->writeData(I[B)I,system-api,test-api
Landroid/nfc/T4tNdefNfceeCcFileInfo$1;->createFromParcel(Landroid/os/Parcel;)Ljava/lang/Object;,public-api,system-api,test-api
Landroid/nfc/T4tNdefNfceeCcFileInfo$1;->newArray(I)[Ljava/lang/Object;,public-api,system-api,test-api
Landroid/nfc/T4tNdefNfceeCcFileInfo;->CREATOR:Landroid/os/Parcelable$Creator;,system-api,test-api
Landroid/nfc/T4tNdefNfceeCcFileInfo;->VERSION_2_0:I,system-api,test-api
Landroid/nfc/T4tNdefNfceeCcFileInfo;->VERSION_3_0:I,system-api,test-api
Landroid/nfc/T4tNdefNfceeCcFileInfo;->describeContents()I,public-api,system-api,test-api
Landroid/nfc/T4tNdefNfceeCcFileInfo;->getCcFileLength()I,system-api,test-api
Landroid/nfc/T4tNdefNfceeCcFileInfo;->getFileId()I,system-api,test-api
Landroid/nfc/T4tNdefNfceeCcFileInfo;->getMaxSize()I,system-api,test-api
Landroid/nfc/T4tNdefNfceeCcFileInfo;->getVersion()I,system-api,test-api
Landroid/nfc/T4tNdefNfceeCcFileInfo;->isReadAllowed()Z,system-api,test-api
Landroid/nfc/T4tNdefNfceeCcFileInfo;->isWriteAllowed()Z,system-api,test-api
Landroid/nfc/T4tNdefNfceeCcFileInfo;->writeToParcel(Landroid/os/Parcel;I)V,public-api,system-api,test-api
Landroid/nfc/Tag$1;->createFromParcel(Landroid/os/Parcel;)Ljava/lang/Object;,public-api,system-api,test-api
Landroid/nfc/Tag$1;->newArray(I)[Ljava/lang/Object;,public-api,system-api,test-api
Landroid/nfc/Tag;->CREATOR:Landroid/os/Parcelable$Creator;,public-api,system-api,test-api
Landroid/nfc/Tag;->describeContents()I,public-api,system-api,test-api
Landroid/nfc/Tag;->getId()[B,public-api,system-api,test-api
Landroid/nfc/Tag;->getTechList()[Ljava/lang/String;,public-api,system-api,test-api
Landroid/nfc/Tag;->toString()Ljava/lang/String;,core-platform-api,public-api,system-api,test-api
Landroid/nfc/Tag;->writeToParcel(Landroid/os/Parcel;I)V,public-api,system-api,test-api
Landroid/nfc/TagLostException;-><init>()V,public-api,system-api,test-api
Landroid/nfc/TagLostException;-><init>(Ljava/lang/String;)V,public-api,system-api,test-api
Landroid/nfc/TechListParcel$1;->createFromParcel(Landroid/os/Parcel;)Ljava/lang/Object;,public-api,system-api,test-api
Landroid/nfc/TechListParcel$1;->newArray(I)[Ljava/lang/Object;,public-api,system-api,test-api
Landroid/nfc/TechListParcel;->describeContents()I,public-api,system-api,test-api
Landroid/nfc/TechListParcel;->writeToParcel(Landroid/os/Parcel;I)V,public-api,system-api,test-api
Landroid/nfc/TransceiveResult$1;->createFromParcel(Landroid/os/Parcel;)Ljava/lang/Object;,public-api,system-api,test-api
Landroid/nfc/TransceiveResult$1;->newArray(I)[Ljava/lang/Object;,public-api,system-api,test-api
Landroid/nfc/TransceiveResult;->describeContents()I,public-api,system-api,test-api
Landroid/nfc/TransceiveResult;->writeToParcel(Landroid/os/Parcel;I)V,public-api,system-api,test-api
Landroid/nfc/WlcListenerDeviceInfo$1;->createFromParcel(Landroid/os/Parcel;)Ljava/lang/Object;,public-api,system-api,test-api
Landroid/nfc/WlcListenerDeviceInfo$1;->newArray(I)[Ljava/lang/Object;,public-api,system-api,test-api
Landroid/nfc/WlcListenerDeviceInfo;->describeContents()I,public-api,system-api,test-api
Landroid/nfc/WlcListenerDeviceInfo;->writeToParcel(Landroid/os/Parcel;I)V,public-api,system-api,test-api
Landroid/nfc/cardemulation/CardEmulation$1$$ExternalSyntheticLambda0;->run()V,core-platform-api,public-api,system-api,test-api
Landroid/nfc/cardemulation/CardEmulation$1$$ExternalSyntheticLambda6;->accept(Ljava/lang/Object;Ljava/lang/Object;)V,core-platform-api,public-api,system-api,test-api
Landroid/nfc/cardemulation/CardEmulation$2$1;->run()V,core-platform-api,public-api,system-api,test-api
Landroid/nfc/cardemulation/CardEmulation$2;->binderDied()V,public-api,system-api,test-api
Landroid/nfc/cardemulation/CardEmulation$NfcEventCallback;->onAidConflictOccurred(Ljava/lang/String;)V,public-api,system-api,test-api
Landroid/nfc/cardemulation/CardEmulation$NfcEventCallback;->onAidNotRouted(Ljava/lang/String;)V,public-api,system-api,test-api
Landroid/nfc/cardemulation/CardEmulation$NfcEventCallback;->onInternalErrorReported(I)V,public-api,system-api,test-api
Landroid/nfc/cardemulation/CardEmulation$NfcEventCallback;->onNfcStateChanged(I)V,public-api,system-api,test-api
Landroid/nfc/cardemulation/CardEmulation$NfcEventCallback;->onObserveModeStateChanged(Z)V,public-api,system-api,test-api
Landroid/nfc/cardemulation/CardEmulation$NfcEventCallback;->onOffHostAidSelected(Ljava/lang/String;Ljava/lang/String;)V,public-api,system-api,test-api
Landroid/nfc/cardemulation/CardEmulation$NfcEventCallback;->onPreferredServiceChanged(Z)V,public-api,system-api,test-api
Landroid/nfc/cardemulation/CardEmulation$NfcEventCallback;->onRemoteFieldChanged(Z)V,public-api,system-api,test-api
Landroid/nfc/cardemulation/CardEmulation;->ACTION_CHANGE_DEFAULT:Ljava/lang/String;,public-api,system-api,test-api
Landroid/nfc/cardemulation/CardEmulation;->CATEGORY_OTHER:Ljava/lang/String;,public-api,system-api,test-api
Landroid/nfc/cardemulation/CardEmulation;->CATEGORY_PAYMENT:Ljava/lang/String;,public-api,system-api,test-api
Landroid/nfc/cardemulation/CardEmulation;->EXTRA_CATEGORY:Ljava/lang/String;,public-api,system-api,test-api
Landroid/nfc/cardemulation/CardEmulation;->EXTRA_SERVICE_COMPONENT:Ljava/lang/String;,public-api,system-api,test-api
Landroid/nfc/cardemulation/CardEmulation;->NFC_INTERNAL_ERROR_COMMAND_TIMEOUT:I,public-api,system-api,test-api
Landroid/nfc/cardemulation/CardEmulation;->NFC_INTERNAL_ERROR_NFC_CRASH_RESTART:I,public-api,system-api,test-api
Landroid/nfc/cardemulation/CardEmulation;->NFC_INTERNAL_ERROR_NFC_HARDWARE_ERROR:I,public-api,system-api,test-api
Landroid/nfc/cardemulation/CardEmulation;->NFC_INTERNAL_ERROR_UNKNOWN:I,public-api,system-api,test-api
Landroid/nfc/cardemulation/CardEmulation;->PROPERTY_ALLOW_SHARED_ROLE_PRIORITY:Ljava/lang/String;,public-api,system-api,test-api
Landroid/nfc/cardemulation/CardEmulation;->PROTOCOL_AND_TECHNOLOGY_ROUTE_DEFAULT:I,public-api,system-api,test-api
Landroid/nfc/cardemulation/CardEmulation;->PROTOCOL_AND_TECHNOLOGY_ROUTE_DH:I,public-api,system-api,test-api
Landroid/nfc/cardemulation/CardEmulation;->PROTOCOL_AND_TECHNOLOGY_ROUTE_ESE:I,public-api,system-api,test-api
Landroid/nfc/cardemulation/CardEmulation;->PROTOCOL_AND_TECHNOLOGY_ROUTE_NDEF_NFCEE:I,public-api,system-api,test-api
Landroid/nfc/cardemulation/CardEmulation;->PROTOCOL_AND_TECHNOLOGY_ROUTE_UICC:I,public-api,system-api,test-api
Landroid/nfc/cardemulation/CardEmulation;->PROTOCOL_AND_TECHNOLOGY_ROUTE_UNSET:I,public-api,system-api,test-api
Landroid/nfc/cardemulation/CardEmulation;->SELECTION_MODE_ALWAYS_ASK:I,public-api,system-api,test-api
Landroid/nfc/cardemulation/CardEmulation;->SELECTION_MODE_ASK_IF_CONFLICT:I,public-api,system-api,test-api
Landroid/nfc/cardemulation/CardEmulation;->SELECTION_MODE_PREFER_DEFAULT:I,public-api,system-api,test-api
Landroid/nfc/cardemulation/CardEmulation;->SET_SERVICE_ENABLED_STATUS_FAILURE_ALREADY_SET:I,system-api,test-api
Landroid/nfc/cardemulation/CardEmulation;->SET_SERVICE_ENABLED_STATUS_FAILURE_FEATURE_UNSUPPORTED:I,system-api,test-api
Landroid/nfc/cardemulation/CardEmulation;->SET_SERVICE_ENABLED_STATUS_FAILURE_INVALID_SERVICE:I,system-api,test-api
Landroid/nfc/cardemulation/CardEmulation;->SET_SERVICE_ENABLED_STATUS_FAILURE_UNKNOWN_ERROR:I,system-api,test-api
Landroid/nfc/cardemulation/CardEmulation;->SET_SERVICE_ENABLED_STATUS_OK:I,system-api,test-api
Landroid/nfc/cardemulation/CardEmulation;->SET_SUBSCRIPTION_ID_STATUS_FAILED_INTERNAL_ERROR:I,system-api,test-api
Landroid/nfc/cardemulation/CardEmulation;->SET_SUBSCRIPTION_ID_STATUS_FAILED_INVALID_SUBSCRIPTION_ID:I,system-api,test-api
Landroid/nfc/cardemulation/CardEmulation;->SET_SUBSCRIPTION_ID_STATUS_FAILED_NOT_SUPPORTED:I,system-api,test-api
Landroid/nfc/cardemulation/CardEmulation;->SET_SUBSCRIPTION_ID_STATUS_SUCCESS:I,system-api,test-api
Landroid/nfc/cardemulation/CardEmulation;->SET_SUBSCRIPTION_ID_STATUS_UNKNOWN:I,system-api,test-api
Landroid/nfc/cardemulation/CardEmulation;->categoryAllowsForegroundPreference(Ljava/lang/String;)Z,public-api,system-api,test-api
Landroid/nfc/cardemulation/CardEmulation;->getAidsForPreferredPaymentService()Ljava/util/List;,public-api,system-api,test-api
Landroid/nfc/cardemulation/CardEmulation;->getAidsForService(Landroid/content/ComponentName;Ljava/lang/String;)Ljava/util/List;,public-api,system-api,test-api
Landroid/nfc/cardemulation/CardEmulation;->getDefaultNfcSubscriptionId()I,public-api,system-api,test-api
Landroid/nfc/cardemulation/CardEmulation;->getDescriptionForPreferredPaymentService()Ljava/lang/CharSequence;,public-api,system-api,test-api
Landroid/nfc/cardemulation/CardEmulation;->getInstance(Landroid/nfc/NfcAdapter;)Landroid/nfc/cardemulation/CardEmulation;,public-api,system-api,test-api
Landroid/nfc/cardemulation/CardEmulation;->getPollingLoopFiltersForService(Landroid/content/ComponentName;)Ljava/util/List;,public-api,system-api,test-api
Landroid/nfc/cardemulation/CardEmulation;->getPollingLoopPatternFiltersForService(Landroid/content/ComponentName;)Ljava/util/List;,public-api,system-api,test-api
Landroid/nfc/cardemulation/CardEmulation;->getPreferredPaymentService(Landroid/content/Context;)Landroid/content/ComponentName;,system-api,test-api
Landroid/nfc/cardemulation/CardEmulation;->getRouteDestinationForPreferredPaymentService()Ljava/lang/String;,public-api,system-api,test-api
Landroid/nfc/cardemulation/CardEmulation;->getSelectionModeForCategory(Ljava/lang/String;)I,public-api,system-api,test-api
Landroid/nfc/cardemulation/CardEmulation;->getServices(Ljava/lang/String;I)Ljava/util/List;,system-api,test-api
Landroid/nfc/cardemulation/CardEmulation;->isDefaultServiceForAid(Landroid/content/ComponentName;Ljava/lang/String;)Z,public-api,system-api,test-api
Landroid/nfc/cardemulation/CardEmulation;->isDefaultServiceForCategory(Landroid/content/ComponentName;Ljava/lang/String;)Z,public-api,system-api,test-api
Landroid/nfc/cardemulation/CardEmulation;->isDeviceScreenOnRequiredForService(Landroid/content/ComponentName;)Z,public-api,system-api,test-api
Landroid/nfc/cardemulation/CardEmulation;->isDeviceUnlockRequiredForService(Landroid/content/ComponentName;)Z,public-api,system-api,test-api
Landroid/nfc/cardemulation/CardEmulation;->isEuiccSupported()Z,public-api,system-api,test-api
Landroid/nfc/cardemulation/CardEmulation;->overrideRoutingTable(Landroid/app/Activity;II)V,system-api,test-api
Landroid/nfc/cardemulation/CardEmulation;->recoverRoutingTable(Landroid/app/Activity;)V,system-api,test-api
Landroid/nfc/cardemulation/CardEmulation;->registerAidsForService(Landroid/content/ComponentName;Ljava/lang/String;Ljava/util/List;)Z,public-api,system-api,test-api
Landroid/nfc/cardemulation/CardEmulation;->registerNfcEventCallback(Ljava/util/concurrent/Executor;Landroid/nfc/cardemulation/CardEmulation$NfcEventCallback;)V,public-api,system-api,test-api
Landroid/nfc/cardemulation/CardEmulation;->registerPollingLoopFilterForService(Landroid/content/ComponentName;Ljava/lang/String;Z)Z,public-api,system-api,test-api
Landroid/nfc/cardemulation/CardEmulation;->registerPollingLoopPatternFilterForService(Landroid/content/ComponentName;Ljava/lang/String;Z)Z,public-api,system-api,test-api
Landroid/nfc/cardemulation/CardEmulation;->removeAidsForService(Landroid/content/ComponentName;Ljava/lang/String;)Z,public-api,system-api,test-api
Landroid/nfc/cardemulation/CardEmulation;->removePollingLoopFilterForService(Landroid/content/ComponentName;Ljava/lang/String;)Z,public-api,system-api,test-api
Landroid/nfc/cardemulation/CardEmulation;->removePollingLoopPatternFilterForService(Landroid/content/ComponentName;Ljava/lang/String;)Z,public-api,system-api,test-api
Landroid/nfc/cardemulation/CardEmulation;->setDefaultNfcSubscriptionId(I)I,system-api,test-api
Landroid/nfc/cardemulation/CardEmulation;->setOffHostForService(Landroid/content/ComponentName;Ljava/lang/String;)Z,public-api,system-api,test-api
Landroid/nfc/cardemulation/CardEmulation;->setPreferredService(Landroid/app/Activity;Landroid/content/ComponentName;)Z,public-api,system-api,test-api
Landroid/nfc/cardemulation/CardEmulation;->setRequireDeviceScreenOnForService(Landroid/content/ComponentName;Z)V,public-api,system-api,test-api
Landroid/nfc/cardemulation/CardEmulation;->setRequireDeviceUnlockForService(Landroid/content/ComponentName;Z)V,public-api,system-api,test-api
Landroid/nfc/cardemulation/CardEmulation;->setServiceEnabledForCategoryOther(Landroid/content/ComponentName;Z)I,system-api,test-api
Landroid/nfc/cardemulation/CardEmulation;->setShouldDefaultToObserveModeForService(Landroid/content/ComponentName;Z)Z,public-api,system-api,test-api
Landroid/nfc/cardemulation/CardEmulation;->supportsAidPrefixRegistration()Z,public-api,system-api,test-api
Landroid/nfc/cardemulation/CardEmulation;->unregisterNfcEventCallback(Landroid/nfc/cardemulation/CardEmulation$NfcEventCallback;)V,public-api,system-api,test-api
Landroid/nfc/cardemulation/CardEmulation;->unsetOffHostForService(Landroid/content/ComponentName;)Z,public-api,system-api,test-api
Landroid/nfc/cardemulation/CardEmulation;->unsetPreferredService(Landroid/app/Activity;)Z,public-api,system-api,test-api
Landroid/nfc/cardemulation/HostApduService$MsgHandler;->handleMessage(Landroid/os/Message;)V,public-api,system-api,test-api
Landroid/nfc/cardemulation/HostApduService;-><init>()V,public-api,system-api,test-api
Landroid/nfc/cardemulation/HostApduService;->DEACTIVATION_DESELECTED:I,public-api,system-api,test-api
Landroid/nfc/cardemulation/HostApduService;->DEACTIVATION_LINK_LOSS:I,public-api,system-api,test-api
Landroid/nfc/cardemulation/HostApduService;->SERVICE_INTERFACE:Ljava/lang/String;,public-api,system-api,test-api
Landroid/nfc/cardemulation/HostApduService;->SERVICE_META_DATA:Ljava/lang/String;,public-api,system-api,test-api
Landroid/nfc/cardemulation/HostApduService;->notifyUnhandled()V,public-api,system-api,test-api
Landroid/nfc/cardemulation/HostApduService;->onBind(Landroid/content/Intent;)Landroid/os/IBinder;,public-api,system-api,test-api
Landroid/nfc/cardemulation/HostApduService;->onDeactivated(I)V,public-api,system-api,test-api
Landroid/nfc/cardemulation/HostApduService;->processCommandApdu([BLandroid/os/Bundle;)[B,public-api,system-api,test-api
Landroid/nfc/cardemulation/HostApduService;->processPollingFrames(Ljava/util/List;)V,public-api,system-api,test-api
Landroid/nfc/cardemulation/HostApduService;->sendResponseApdu([B)V,public-api,system-api,test-api
Landroid/nfc/cardemulation/HostNfcFService;-><init>()V,public-api,system-api,test-api
Landroid/nfc/cardemulation/HostNfcFService;->DEACTIVATION_LINK_LOSS:I,public-api,system-api,test-api
Landroid/nfc/cardemulation/HostNfcFService;->SERVICE_INTERFACE:Ljava/lang/String;,public-api,system-api,test-api
Landroid/nfc/cardemulation/HostNfcFService;->SERVICE_META_DATA:Ljava/lang/String;,public-api,system-api,test-api
Landroid/nfc/cardemulation/HostNfcFService;->onBind(Landroid/content/Intent;)Landroid/os/IBinder;,public-api,system-api,test-api
Landroid/nfc/cardemulation/HostNfcFService;->onDeactivated(I)V,public-api,system-api,test-api
Landroid/nfc/cardemulation/HostNfcFService;->processNfcFPacket([BLandroid/os/Bundle;)[B,public-api,system-api,test-api
Landroid/nfc/cardemulation/HostNfcFService;->sendResponsePacket([B)V,public-api,system-api,test-api
Landroid/nfc/cardemulation/HostNfcFServiceMsgHandler;->handleMessage(Landroid/os/Message;)V,public-api,system-api,test-api
Landroid/nfc/cardemulation/NfcFCardEmulation;->disableService(Landroid/app/Activity;)Z,public-api,system-api,test-api
Landroid/nfc/cardemulation/NfcFCardEmulation;->enableService(Landroid/app/Activity;Landroid/content/ComponentName;)Z,public-api,system-api,test-api
Landroid/nfc/cardemulation/NfcFCardEmulation;->getInstance(Landroid/nfc/NfcAdapter;)Landroid/nfc/cardemulation/NfcFCardEmulation;,public-api,system-api,test-api
Landroid/nfc/cardemulation/NfcFCardEmulation;->getNfcid2ForService(Landroid/content/ComponentName;)Ljava/lang/String;,public-api,system-api,test-api
Landroid/nfc/cardemulation/NfcFCardEmulation;->getSystemCodeForService(Landroid/content/ComponentName;)Ljava/lang/String;,public-api,system-api,test-api
Landroid/nfc/cardemulation/NfcFCardEmulation;->registerSystemCodeForService(Landroid/content/ComponentName;Ljava/lang/String;)Z,public-api,system-api,test-api
Landroid/nfc/cardemulation/NfcFCardEmulation;->setNfcid2ForService(Landroid/content/ComponentName;Ljava/lang/String;)Z,public-api,system-api,test-api
Landroid/nfc/cardemulation/NfcFCardEmulation;->unregisterSystemCodeForService(Landroid/content/ComponentName;)Z,public-api,system-api,test-api
Landroid/nfc/cardemulation/OffHostApduService;-><init>()V,public-api,system-api,test-api
Landroid/nfc/cardemulation/OffHostApduService;->SERVICE_INTERFACE:Ljava/lang/String;,public-api,system-api,test-api
Landroid/nfc/cardemulation/OffHostApduService;->SERVICE_META_DATA:Ljava/lang/String;,public-api,system-api,test-api
Landroid/nfc/cardemulation/OffHostApduService;->onBind(Landroid/content/Intent;)Landroid/os/IBinder;,public-api,system-api,test-api
Landroid/nfc/cardemulation/PollingFrame$1;->createFromParcel(Landroid/os/Parcel;)Ljava/lang/Object;,public-api,system-api,test-api
Landroid/nfc/cardemulation/PollingFrame$1;->newArray(I)[Ljava/lang/Object;,public-api,system-api,test-api
Landroid/nfc/cardemulation/PollingFrame;->CREATOR:Landroid/os/Parcelable$Creator;,public-api,system-api,test-api
Landroid/nfc/cardemulation/PollingFrame;->POLLING_LOOP_TYPE_A:I,public-api,system-api,test-api
Landroid/nfc/cardemulation/PollingFrame;->POLLING_LOOP_TYPE_B:I,public-api,system-api,test-api
Landroid/nfc/cardemulation/PollingFrame;->POLLING_LOOP_TYPE_F:I,public-api,system-api,test-api
Landroid/nfc/cardemulation/PollingFrame;->POLLING_LOOP_TYPE_OFF:I,public-api,system-api,test-api
Landroid/nfc/cardemulation/PollingFrame;->POLLING_LOOP_TYPE_ON:I,public-api,system-api,test-api
Landroid/nfc/cardemulation/PollingFrame;->POLLING_LOOP_TYPE_UNKNOWN:I,public-api,system-api,test-api
Landroid/nfc/cardemulation/PollingFrame;->describeContents()I,public-api,system-api,test-api
Landroid/nfc/cardemulation/PollingFrame;->getData()[B,public-api,system-api,test-api
Landroid/nfc/cardemulation/PollingFrame;->getTimestamp()J,public-api,system-api,test-api
Landroid/nfc/cardemulation/PollingFrame;->getTriggeredAutoTransact()Z,public-api,system-api,test-api
Landroid/nfc/cardemulation/PollingFrame;->getType()I,public-api,system-api,test-api
Landroid/nfc/cardemulation/PollingFrame;->getVendorSpecificGain()I,public-api,system-api,test-api
Landroid/nfc/cardemulation/PollingFrame;->toString()Ljava/lang/String;,core-platform-api,public-api,system-api,test-api
Landroid/nfc/cardemulation/PollingFrame;->writeToParcel(Landroid/os/Parcel;I)V,public-api,system-api,test-api
Landroid/nfc/tech/BasicTagTechnology;->close()V,core-platform-api,public-api,system-api,test-api
Landroid/nfc/tech/BasicTagTechnology;->connect()V,public-api,system-api,test-api
Landroid/nfc/tech/BasicTagTechnology;->getTag()Landroid/nfc/Tag;,public-api,system-api,test-api
Landroid/nfc/tech/BasicTagTechnology;->isConnected()Z,public-api,system-api,test-api
Landroid/nfc/tech/IsoDep;->close()V,core-platform-api,public-api,system-api,test-api
Landroid/nfc/tech/IsoDep;->connect()V,public-api,system-api,test-api
Landroid/nfc/tech/IsoDep;->get(Landroid/nfc/Tag;)Landroid/nfc/tech/IsoDep;,public-api,system-api,test-api
Landroid/nfc/tech/IsoDep;->getHiLayerResponse()[B,public-api,system-api,test-api
Landroid/nfc/tech/IsoDep;->getHistoricalBytes()[B,public-api,system-api,test-api
Landroid/nfc/tech/IsoDep;->getMaxTransceiveLength()I,public-api,system-api,test-api
Landroid/nfc/tech/IsoDep;->getTag()Landroid/nfc/Tag;,public-api,system-api,test-api
Landroid/nfc/tech/IsoDep;->getTimeout()I,public-api,system-api,test-api
Landroid/nfc/tech/IsoDep;->isConnected()Z,public-api,system-api,test-api
Landroid/nfc/tech/IsoDep;->isExtendedLengthApduSupported()Z,public-api,system-api,test-api
Landroid/nfc/tech/IsoDep;->setTimeout(I)V,public-api,system-api,test-api
Landroid/nfc/tech/IsoDep;->transceive([B)[B,public-api,system-api,test-api
Landroid/nfc/tech/MifareClassic;->BLOCK_SIZE:I,public-api,system-api,test-api
Landroid/nfc/tech/MifareClassic;->KEY_DEFAULT:[B,public-api,system-api,test-api
Landroid/nfc/tech/MifareClassic;->KEY_MIFARE_APPLICATION_DIRECTORY:[B,public-api,system-api,test-api
Landroid/nfc/tech/MifareClassic;->KEY_NFC_FORUM:[B,public-api,system-api,test-api
Landroid/nfc/tech/MifareClassic;->SIZE_1K:I,public-api,system-api,test-api
Landroid/nfc/tech/MifareClassic;->SIZE_2K:I,public-api,system-api,test-api
Landroid/nfc/tech/MifareClassic;->SIZE_4K:I,public-api,system-api,test-api
Landroid/nfc/tech/MifareClassic;->SIZE_MINI:I,public-api,system-api,test-api
Landroid/nfc/tech/MifareClassic;->TYPE_CLASSIC:I,public-api,system-api,test-api
Landroid/nfc/tech/MifareClassic;->TYPE_PLUS:I,public-api,system-api,test-api
Landroid/nfc/tech/MifareClassic;->TYPE_PRO:I,public-api,system-api,test-api
Landroid/nfc/tech/MifareClassic;->TYPE_UNKNOWN:I,public-api,system-api,test-api
Landroid/nfc/tech/MifareClassic;->authenticateSectorWithKeyA(I[B)Z,public-api,system-api,test-api
Landroid/nfc/tech/MifareClassic;->authenticateSectorWithKeyB(I[B)Z,public-api,system-api,test-api
Landroid/nfc/tech/MifareClassic;->blockToSector(I)I,public-api,system-api,test-api
Landroid/nfc/tech/MifareClassic;->close()V,core-platform-api,public-api,system-api,test-api
Landroid/nfc/tech/MifareClassic;->connect()V,public-api,system-api,test-api
Landroid/nfc/tech/MifareClassic;->decrement(II)V,public-api,system-api,test-api
Landroid/nfc/tech/MifareClassic;->get(Landroid/nfc/Tag;)Landroid/nfc/tech/MifareClassic;,public-api,system-api,test-api
Landroid/nfc/tech/MifareClassic;->getBlockCount()I,public-api,system-api,test-api
Landroid/nfc/tech/MifareClassic;->getBlockCountInSector(I)I,public-api,system-api,test-api
Landroid/nfc/tech/MifareClassic;->getMaxTransceiveLength()I,public-api,system-api,test-api
Landroid/nfc/tech/MifareClassic;->getSectorCount()I,public-api,system-api,test-api
Landroid/nfc/tech/MifareClassic;->getSize()I,public-api,system-api,test-api
Landroid/nfc/tech/MifareClassic;->getTag()Landroid/nfc/Tag;,public-api,system-api,test-api
Landroid/nfc/tech/MifareClassic;->getTimeout()I,public-api,system-api,test-api
Landroid/nfc/tech/MifareClassic;->getType()I,public-api,system-api,test-api
Landroid/nfc/tech/MifareClassic;->increment(II)V,public-api,system-api,test-api
Landroid/nfc/tech/MifareClassic;->isConnected()Z,public-api,system-api,test-api
Landroid/nfc/tech/MifareClassic;->readBlock(I)[B,public-api,system-api,test-api
Landroid/nfc/tech/MifareClassic;->restore(I)V,public-api,system-api,test-api
Landroid/nfc/tech/MifareClassic;->sectorToBlock(I)I,public-api,system-api,test-api
Landroid/nfc/tech/MifareClassic;->setTimeout(I)V,public-api,system-api,test-api
Landroid/nfc/tech/MifareClassic;->transceive([B)[B,public-api,system-api,test-api
Landroid/nfc/tech/MifareClassic;->transfer(I)V,public-api,system-api,test-api
Landroid/nfc/tech/MifareClassic;->writeBlock(I[B)V,public-api,system-api,test-api
Landroid/nfc/tech/MifareUltralight;->PAGE_SIZE:I,public-api,system-api,test-api
Landroid/nfc/tech/MifareUltralight;->TYPE_ULTRALIGHT:I,public-api,system-api,test-api
Landroid/nfc/tech/MifareUltralight;->TYPE_ULTRALIGHT_C:I,public-api,system-api,test-api
Landroid/nfc/tech/MifareUltralight;->TYPE_UNKNOWN:I,public-api,system-api,test-api
Landroid/nfc/tech/MifareUltralight;->close()V,core-platform-api,public-api,system-api,test-api
Landroid/nfc/tech/MifareUltralight;->connect()V,public-api,system-api,test-api
Landroid/nfc/tech/MifareUltralight;->get(Landroid/nfc/Tag;)Landroid/nfc/tech/MifareUltralight;,public-api,system-api,test-api
Landroid/nfc/tech/MifareUltralight;->getMaxTransceiveLength()I,public-api,system-api,test-api
Landroid/nfc/tech/MifareUltralight;->getTag()Landroid/nfc/Tag;,public-api,system-api,test-api
Landroid/nfc/tech/MifareUltralight;->getTimeout()I,public-api,system-api,test-api
Landroid/nfc/tech/MifareUltralight;->getType()I,public-api,system-api,test-api
Landroid/nfc/tech/MifareUltralight;->isConnected()Z,public-api,system-api,test-api
Landroid/nfc/tech/MifareUltralight;->readPages(I)[B,public-api,system-api,test-api
Landroid/nfc/tech/MifareUltralight;->setTimeout(I)V,public-api,system-api,test-api
Landroid/nfc/tech/MifareUltralight;->transceive([B)[B,public-api,system-api,test-api
Landroid/nfc/tech/MifareUltralight;->writePage(I[B)V,public-api,system-api,test-api
Landroid/nfc/tech/Ndef;->MIFARE_CLASSIC:Ljava/lang/String;,public-api,system-api,test-api
Landroid/nfc/tech/Ndef;->NFC_FORUM_TYPE_1:Ljava/lang/String;,public-api,system-api,test-api
Landroid/nfc/tech/Ndef;->NFC_FORUM_TYPE_2:Ljava/lang/String;,public-api,system-api,test-api
Landroid/nfc/tech/Ndef;->NFC_FORUM_TYPE_3:Ljava/lang/String;,public-api,system-api,test-api
Landroid/nfc/tech/Ndef;->NFC_FORUM_TYPE_4:Ljava/lang/String;,public-api,system-api,test-api
Landroid/nfc/tech/Ndef;->canMakeReadOnly()Z,public-api,system-api,test-api
Landroid/nfc/tech/Ndef;->close()V,core-platform-api,public-api,system-api,test-api
Landroid/nfc/tech/Ndef;->connect()V,public-api,system-api,test-api
Landroid/nfc/tech/Ndef;->get(Landroid/nfc/Tag;)Landroid/nfc/tech/Ndef;,public-api,system-api,test-api
Landroid/nfc/tech/Ndef;->getCachedNdefMessage()Landroid/nfc/NdefMessage;,public-api,system-api,test-api
Landroid/nfc/tech/Ndef;->getMaxSize()I,public-api,system-api,test-api
Landroid/nfc/tech/Ndef;->getNdefMessage()Landroid/nfc/NdefMessage;,public-api,system-api,test-api
Landroid/nfc/tech/Ndef;->getTag()Landroid/nfc/Tag;,public-api,system-api,test-api
Landroid/nfc/tech/Ndef;->getType()Ljava/lang/String;,public-api,system-api,test-api
Landroid/nfc/tech/Ndef;->isConnected()Z,public-api,system-api,test-api
Landroid/nfc/tech/Ndef;->isWritable()Z,public-api,system-api,test-api
Landroid/nfc/tech/Ndef;->makeReadOnly()Z,public-api,system-api,test-api
Landroid/nfc/tech/Ndef;->writeNdefMessage(Landroid/nfc/NdefMessage;)V,public-api,system-api,test-api
Landroid/nfc/tech/NdefFormatable;->close()V,core-platform-api,public-api,system-api,test-api
Landroid/nfc/tech/NdefFormatable;->connect()V,public-api,system-api,test-api
Landroid/nfc/tech/NdefFormatable;->format(Landroid/nfc/NdefMessage;)V,public-api,system-api,test-api
Landroid/nfc/tech/NdefFormatable;->formatReadOnly(Landroid/nfc/NdefMessage;)V,public-api,system-api,test-api
Landroid/nfc/tech/NdefFormatable;->get(Landroid/nfc/Tag;)Landroid/nfc/tech/NdefFormatable;,public-api,system-api,test-api
Landroid/nfc/tech/NdefFormatable;->getTag()Landroid/nfc/Tag;,public-api,system-api,test-api
Landroid/nfc/tech/NdefFormatable;->isConnected()Z,public-api,system-api,test-api
Landroid/nfc/tech/NfcA;->close()V,core-platform-api,public-api,system-api,test-api
Landroid/nfc/tech/NfcA;->connect()V,public-api,system-api,test-api
Landroid/nfc/tech/NfcA;->get(Landroid/nfc/Tag;)Landroid/nfc/tech/NfcA;,public-api,system-api,test-api
Landroid/nfc/tech/NfcA;->getAtqa()[B,public-api,system-api,test-api
Landroid/nfc/tech/NfcA;->getMaxTransceiveLength()I,public-api,system-api,test-api
Landroid/nfc/tech/NfcA;->getSak()S,public-api,system-api,test-api
Landroid/nfc/tech/NfcA;->getTag()Landroid/nfc/Tag;,public-api,system-api,test-api
Landroid/nfc/tech/NfcA;->getTimeout()I,public-api,system-api,test-api
Landroid/nfc/tech/NfcA;->isConnected()Z,public-api,system-api,test-api
Landroid/nfc/tech/NfcA;->setTimeout(I)V,public-api,system-api,test-api
Landroid/nfc/tech/NfcA;->transceive([B)[B,public-api,system-api,test-api
Landroid/nfc/tech/NfcB;->close()V,core-platform-api,public-api,system-api,test-api
Landroid/nfc/tech/NfcB;->connect()V,public-api,system-api,test-api
Landroid/nfc/tech/NfcB;->get(Landroid/nfc/Tag;)Landroid/nfc/tech/NfcB;,public-api,system-api,test-api
Landroid/nfc/tech/NfcB;->getApplicationData()[B,public-api,system-api,test-api
Landroid/nfc/tech/NfcB;->getMaxTransceiveLength()I,public-api,system-api,test-api
Landroid/nfc/tech/NfcB;->getProtocolInfo()[B,public-api,system-api,test-api
Landroid/nfc/tech/NfcB;->getTag()Landroid/nfc/Tag;,public-api,system-api,test-api
Landroid/nfc/tech/NfcB;->isConnected()Z,public-api,system-api,test-api
Landroid/nfc/tech/NfcB;->transceive([B)[B,public-api,system-api,test-api
Landroid/nfc/tech/NfcBarcode;->TYPE_KOVIO:I,public-api,system-api,test-api
Landroid/nfc/tech/NfcBarcode;->TYPE_UNKNOWN:I,public-api,system-api,test-api
Landroid/nfc/tech/NfcBarcode;->close()V,core-platform-api,public-api,system-api,test-api
Landroid/nfc/tech/NfcBarcode;->connect()V,public-api,system-api,test-api
Landroid/nfc/tech/NfcBarcode;->get(Landroid/nfc/Tag;)Landroid/nfc/tech/NfcBarcode;,public-api,system-api,test-api
Landroid/nfc/tech/NfcBarcode;->getBarcode()[B,public-api,system-api,test-api
Landroid/nfc/tech/NfcBarcode;->getTag()Landroid/nfc/Tag;,public-api,system-api,test-api
Landroid/nfc/tech/NfcBarcode;->getType()I,public-api,system-api,test-api
Landroid/nfc/tech/NfcBarcode;->isConnected()Z,public-api,system-api,test-api
Landroid/nfc/tech/NfcF;->close()V,core-platform-api,public-api,system-api,test-api
Landroid/nfc/tech/NfcF;->connect()V,public-api,system-api,test-api
Landroid/nfc/tech/NfcF;->get(Landroid/nfc/Tag;)Landroid/nfc/tech/NfcF;,public-api,system-api,test-api
Landroid/nfc/tech/NfcF;->getManufacturer()[B,public-api,system-api,test-api
Landroid/nfc/tech/NfcF;->getMaxTransceiveLength()I,public-api,system-api,test-api
Landroid/nfc/tech/NfcF;->getSystemCode()[B,public-api,system-api,test-api
Landroid/nfc/tech/NfcF;->getTag()Landroid/nfc/Tag;,public-api,system-api,test-api
Landroid/nfc/tech/NfcF;->getTimeout()I,public-api,system-api,test-api
Landroid/nfc/tech/NfcF;->isConnected()Z,public-api,system-api,test-api
Landroid/nfc/tech/NfcF;->setTimeout(I)V,public-api,system-api,test-api
Landroid/nfc/tech/NfcF;->transceive([B)[B,public-api,system-api,test-api
Landroid/nfc/tech/NfcV;->close()V,core-platform-api,public-api,system-api,test-api
Landroid/nfc/tech/NfcV;->connect()V,public-api,system-api,test-api
Landroid/nfc/tech/NfcV;->get(Landroid/nfc/Tag;)Landroid/nfc/tech/NfcV;,public-api,system-api,test-api
Landroid/nfc/tech/NfcV;->getDsfId()B,public-api,system-api,test-api
Landroid/nfc/tech/NfcV;->getMaxTransceiveLength()I,public-api,system-api,test-api
Landroid/nfc/tech/NfcV;->getResponseFlags()B,public-api,system-api,test-api
Landroid/nfc/tech/NfcV;->getTag()Landroid/nfc/Tag;,public-api,system-api,test-api
Landroid/nfc/tech/NfcV;->isConnected()Z,public-api,system-api,test-api
Landroid/nfc/tech/NfcV;->transceive([B)[B,public-api,system-api,test-api
Landroid/nfc/tech/TagTechnology;->close()V,core-platform-api,public-api,system-api,test-api
Landroid/nfc/tech/TagTechnology;->connect()V,public-api,system-api,test-api
Landroid/nfc/tech/TagTechnology;->getTag()Landroid/nfc/Tag;,public-api,system-api,test-api
Landroid/nfc/tech/TagTechnology;->isConnected()Z,public-api,system-api,test-api
Lcom/android/nfc/module/flags/CustomFeatureFlags$$ExternalSyntheticLambda0;->test(Ljava/lang/Object;)Z,core-platform-api,public-api,system-api,test-api
Lcom/android/nfc/module/flags/CustomFeatureFlags$$ExternalSyntheticLambda1;->test(Ljava/lang/Object;)Z,core-platform-api,public-api,system-api,test-api
Lcom/android/nfc/module/flags/CustomFeatureFlags$$ExternalSyntheticLambda2;->test(Ljava/lang/Object;)Z,core-platform-api,public-api,system-api,test-api
Lcom/android/nfc/module/flags/CustomFeatureFlags$$ExternalSyntheticLambda3;->test(Ljava/lang/Object;)Z,core-platform-api,public-api,system-api,test-api
Lcom/android/nfc/module/flags/CustomFeatureFlags$$ExternalSyntheticLambda4;->test(Ljava/lang/Object;)Z,core-platform-api,public-api,system-api,test-api
Lcom/android/nfc/module/flags/CustomFeatureFlags$$ExternalSyntheticLambda5;->test(Ljava/lang/Object;)Z,core-platform-api,public-api,system-api,test-api
Lcom/android/nfc/module/flags/CustomFeatureFlags$$ExternalSyntheticLambda6;->test(Ljava/lang/Object;)Z,core-platform-api,public-api,system-api,test-api
Lcom/android/nfc/module/flags/CustomFeatureFlags$$ExternalSyntheticLambda7;->test(Ljava/lang/Object;)Z,core-platform-api,public-api,system-api,test-api
Lcom/android/nfc/module/flags/CustomFeatureFlags$$ExternalSyntheticLambda8;->test(Ljava/lang/Object;)Z,core-platform-api,public-api,system-api,test-api
Lcom/android/nfc/module/flags/CustomFeatureFlags$$ExternalSyntheticLambda9;->test(Ljava/lang/Object;)Z,core-platform-api,public-api,system-api,test-api
Lcom/android/nfc/module/nonexported/flags/CustomFeatureFlags$$ExternalSyntheticLambda0;->test(Ljava/lang/Object;)Z,core-platform-api,public-api,system-api,test-api
Lcom/android/nfc/module/nonexported/flags/CustomFeatureFlags$$ExternalSyntheticLambda1;->test(Ljava/lang/Object;)Z,core-platform-api,public-api,system-api,test-api
Lcom/android/nfc/module/nonexported/flags/CustomFeatureFlags$$ExternalSyntheticLambda2;->test(Ljava/lang/Object;)Z,core-platform-api,public-api,system-api,test-api
Lcom/android/nfc/x/android/nfc/CustomFeatureFlags$$ExternalSyntheticLambda0;->test(Ljava/lang/Object;)Z,core-platform-api,public-api,system-api,test-api
Lcom/android/nfc/x/android/nfc/CustomFeatureFlags$$ExternalSyntheticLambda10;->test(Ljava/lang/Object;)Z,core-platform-api,public-api,system-api,test-api
Lcom/android/nfc/x/android/nfc/CustomFeatureFlags$$ExternalSyntheticLambda11;->test(Ljava/lang/Object;)Z,core-platform-api,public-api,system-api,test-api
Lcom/android/nfc/x/android/nfc/CustomFeatureFlags$$ExternalSyntheticLambda12;->test(Ljava/lang/Object;)Z,core-platform-api,public-api,system-api,test-api
Lcom/android/nfc/x/android/nfc/CustomFeatureFlags$$ExternalSyntheticLambda13;->test(Ljava/lang/Object;)Z,core-platform-api,public-api,system-api,test-api
Lcom/android/nfc/x/android/nfc/CustomFeatureFlags$$ExternalSyntheticLambda14;->test(Ljava/lang/Object;)Z,core-platform-api,public-api,system-api,test-api
Lcom/android/nfc/x/android/nfc/CustomFeatureFlags$$ExternalSyntheticLambda15;->test(Ljava/lang/Object;)Z,core-platform-api,public-api,system-api,test-api
Lcom/android/nfc/x/android/nfc/CustomFeatureFlags$$ExternalSyntheticLambda16;->test(Ljava/lang/Object;)Z,core-platform-api,public-api,system-api,test-api
Lcom/android/nfc/x/android/nfc/CustomFeatureFlags$$ExternalSyntheticLambda17;->test(Ljava/lang/Object;)Z,core-platform-api,public-api,system-api,test-api
Lcom/android/nfc/x/android/nfc/CustomFeatureFlags$$ExternalSyntheticLambda18;->test(Ljava/lang/Object;)Z,core-platform-api,public-api,system-api,test-api
Lcom/android/nfc/x/android/nfc/CustomFeatureFlags$$ExternalSyntheticLambda19;->test(Ljava/lang/Object;)Z,core-platform-api,public-api,system-api,test-api
Lcom/android/nfc/x/android/nfc/CustomFeatureFlags$$ExternalSyntheticLambda1;->test(Ljava/lang/Object;)Z,core-platform-api,public-api,system-api,test-api
Lcom/android/nfc/x/android/nfc/CustomFeatureFlags$$ExternalSyntheticLambda20;->test(Ljava/lang/Object;)Z,core-platform-api,public-api,system-api,test-api
Lcom/android/nfc/x/android/nfc/CustomFeatureFlags$$ExternalSyntheticLambda21;->test(Ljava/lang/Object;)Z,core-platform-api,public-api,system-api,test-api
Lcom/android/nfc/x/android/nfc/CustomFeatureFlags$$ExternalSyntheticLambda22;->test(Ljava/lang/Object;)Z,core-platform-api,public-api,system-api,test-api
Lcom/android/nfc/x/android/nfc/CustomFeatureFlags$$ExternalSyntheticLambda2;->test(Ljava/lang/Object;)Z,core-platform-api,public-api,system-api,test-api
Lcom/android/nfc/x/android/nfc/CustomFeatureFlags$$ExternalSyntheticLambda3;->test(Ljava/lang/Object;)Z,core-platform-api,public-api,system-api,test-api
Lcom/android/nfc/x/android/nfc/CustomFeatureFlags$$ExternalSyntheticLambda4;->test(Ljava/lang/Object;)Z,core-platform-api,public-api,system-api,test-api
Lcom/android/nfc/x/android/nfc/CustomFeatureFlags$$ExternalSyntheticLambda5;->test(Ljava/lang/Object;)Z,core-platform-api,public-api,system-api,test-api
Lcom/android/nfc/x/android/nfc/CustomFeatureFlags$$ExternalSyntheticLambda6;->test(Ljava/lang/Object;)Z,core-platform-api,public-api,system-api,test-api
Lcom/android/nfc/x/android/nfc/CustomFeatureFlags$$ExternalSyntheticLambda7;->test(Ljava/lang/Object;)Z,core-platform-api,public-api,system-api,test-api
Lcom/android/nfc/x/android/nfc/CustomFeatureFlags$$ExternalSyntheticLambda8;->test(Ljava/lang/Object;)Z,core-platform-api,public-api,system-api,test-api
Lcom/android/nfc/x/android/nfc/CustomFeatureFlags$$ExternalSyntheticLambda9;->test(Ljava/lang/Object;)Z,core-platform-api,public-api,system-api,test-api
Lcom/android/nfc/x/android/permission/flags/CustomFeatureFlags$$ExternalSyntheticLambda0;->test(Ljava/lang/Object;)Z,core-platform-api,public-api,system-api,test-api
Lcom/android/nfc/x/android/permission/flags/CustomFeatureFlags$$ExternalSyntheticLambda10;->test(Ljava/lang/Object;)Z,core-platform-api,public-api,system-api,test-api
Lcom/android/nfc/x/android/permission/flags/CustomFeatureFlags$$ExternalSyntheticLambda11;->test(Ljava/lang/Object;)Z,core-platform-api,public-api,system-api,test-api
Lcom/android/nfc/x/android/permission/flags/CustomFeatureFlags$$ExternalSyntheticLambda12;->test(Ljava/lang/Object;)Z,core-platform-api,public-api,system-api,test-api
Lcom/android/nfc/x/android/permission/flags/CustomFeatureFlags$$ExternalSyntheticLambda13;->test(Ljava/lang/Object;)Z,core-platform-api,public-api,system-api,test-api
Lcom/android/nfc/x/android/permission/flags/CustomFeatureFlags$$ExternalSyntheticLambda14;->test(Ljava/lang/Object;)Z,core-platform-api,public-api,system-api,test-api
Lcom/android/nfc/x/android/permission/flags/CustomFeatureFlags$$ExternalSyntheticLambda15;->test(Ljava/lang/Object;)Z,core-platform-api,public-api,system-api,test-api
Lcom/android/nfc/x/android/permission/flags/CustomFeatureFlags$$ExternalSyntheticLambda16;->test(Ljava/lang/Object;)Z,core-platform-api,public-api,system-api,test-api
Lcom/android/nfc/x/android/permission/flags/CustomFeatureFlags$$ExternalSyntheticLambda17;->test(Ljava/lang/Object;)Z,core-platform-api,public-api,system-api,test-api
Lcom/android/nfc/x/android/permission/flags/CustomFeatureFlags$$ExternalSyntheticLambda18;->test(Ljava/lang/Object;)Z,core-platform-api,public-api,system-api,test-api
Lcom/android/nfc/x/android/permission/flags/CustomFeatureFlags$$ExternalSyntheticLambda19;->test(Ljava/lang/Object;)Z,core-platform-api,public-api,system-api,test-api
Lcom/android/nfc/x/android/permission/flags/CustomFeatureFlags$$ExternalSyntheticLambda1;->test(Ljava/lang/Object;)Z,core-platform-api,public-api,system-api,test-api
Lcom/android/nfc/x/android/permission/flags/CustomFeatureFlags$$ExternalSyntheticLambda20;->test(Ljava/lang/Object;)Z,core-platform-api,public-api,system-api,test-api
Lcom/android/nfc/x/android/permission/flags/CustomFeatureFlags$$ExternalSyntheticLambda21;->test(Ljava/lang/Object;)Z,core-platform-api,public-api,system-api,test-api
Lcom/android/nfc/x/android/permission/flags/CustomFeatureFlags$$ExternalSyntheticLambda22;->test(Ljava/lang/Object;)Z,core-platform-api,public-api,system-api,test-api
Lcom/android/nfc/x/android/permission/flags/CustomFeatureFlags$$ExternalSyntheticLambda23;->test(Ljava/lang/Object;)Z,core-platform-api,public-api,system-api,test-api
Lcom/android/nfc/x/android/permission/flags/CustomFeatureFlags$$ExternalSyntheticLambda24;->test(Ljava/lang/Object;)Z,core-platform-api,public-api,system-api,test-api
Lcom/android/nfc/x/android/permission/flags/CustomFeatureFlags$$ExternalSyntheticLambda25;->test(Ljava/lang/Object;)Z,core-platform-api,public-api,system-api,test-api
Lcom/android/nfc/x/android/permission/flags/CustomFeatureFlags$$ExternalSyntheticLambda26;->test(Ljava/lang/Object;)Z,core-platform-api,public-api,system-api,test-api
Lcom/android/nfc/x/android/permission/flags/CustomFeatureFlags$$ExternalSyntheticLambda27;->test(Ljava/lang/Object;)Z,core-platform-api,public-api,system-api,test-api
Lcom/android/nfc/x/android/permission/flags/CustomFeatureFlags$$ExternalSyntheticLambda28;->test(Ljava/lang/Object;)Z,core-platform-api,public-api,system-api,test-api
Lcom/android/nfc/x/android/permission/flags/CustomFeatureFlags$$ExternalSyntheticLambda29;->test(Ljava/lang/Object;)Z,core-platform-api,public-api,system-api,test-api
Lcom/android/nfc/x/android/permission/flags/CustomFeatureFlags$$ExternalSyntheticLambda2;->test(Ljava/lang/Object;)Z,core-platform-api,public-api,system-api,test-api
Lcom/android/nfc/x/android/permission/flags/CustomFeatureFlags$$ExternalSyntheticLambda30;->test(Ljava/lang/Object;)Z,core-platform-api,public-api,system-api,test-api
Lcom/android/nfc/x/android/permission/flags/CustomFeatureFlags$$ExternalSyntheticLambda31;->test(Ljava/lang/Object;)Z,core-platform-api,public-api,system-api,test-api
Lcom/android/nfc/x/android/permission/flags/CustomFeatureFlags$$ExternalSyntheticLambda32;->test(Ljava/lang/Object;)Z,core-platform-api,public-api,system-api,test-api
Lcom/android/nfc/x/android/permission/flags/CustomFeatureFlags$$ExternalSyntheticLambda33;->test(Ljava/lang/Object;)Z,core-platform-api,public-api,system-api,test-api
Lcom/android/nfc/x/android/permission/flags/CustomFeatureFlags$$ExternalSyntheticLambda34;->test(Ljava/lang/Object;)Z,core-platform-api,public-api,system-api,test-api
Lcom/android/nfc/x/android/permission/flags/CustomFeatureFlags$$ExternalSyntheticLambda35;->test(Ljava/lang/Object;)Z,core-platform-api,public-api,system-api,test-api
Lcom/android/nfc/x/android/permission/flags/CustomFeatureFlags$$ExternalSyntheticLambda36;->test(Ljava/lang/Object;)Z,core-platform-api,public-api,system-api,test-api
Lcom/android/nfc/x/android/permission/flags/CustomFeatureFlags$$ExternalSyntheticLambda37;->test(Ljava/lang/Object;)Z,core-platform-api,public-api,system-api,test-api
Lcom/android/nfc/x/android/permission/flags/CustomFeatureFlags$$ExternalSyntheticLambda38;->test(Ljava/lang/Object;)Z,core-platform-api,public-api,system-api,test-api
Lcom/android/nfc/x/android/permission/flags/CustomFeatureFlags$$ExternalSyntheticLambda39;->test(Ljava/lang/Object;)Z,core-platform-api,public-api,system-api,test-api
Lcom/android/nfc/x/android/permission/flags/CustomFeatureFlags$$ExternalSyntheticLambda3;->test(Ljava/lang/Object;)Z,core-platform-api,public-api,system-api,test-api
Lcom/android/nfc/x/android/permission/flags/CustomFeatureFlags$$ExternalSyntheticLambda40;->test(Ljava/lang/Object;)Z,core-platform-api,public-api,system-api,test-api
Lcom/android/nfc/x/android/permission/flags/CustomFeatureFlags$$ExternalSyntheticLambda41;->test(Ljava/lang/Object;)Z,core-platform-api,public-api,system-api,test-api
Lcom/android/nfc/x/android/permission/flags/CustomFeatureFlags$$ExternalSyntheticLambda42;->test(Ljava/lang/Object;)Z,core-platform-api,public-api,system-api,test-api
Lcom/android/nfc/x/android/permission/flags/CustomFeatureFlags$$ExternalSyntheticLambda43;->test(Ljava/lang/Object;)Z,core-platform-api,public-api,system-api,test-api
Lcom/android/nfc/x/android/permission/flags/CustomFeatureFlags$$ExternalSyntheticLambda44;->test(Ljava/lang/Object;)Z,core-platform-api,public-api,system-api,test-api
Lcom/android/nfc/x/android/permission/flags/CustomFeatureFlags$$ExternalSyntheticLambda45;->test(Ljava/lang/Object;)Z,core-platform-api,public-api,system-api,test-api
Lcom/android/nfc/x/android/permission/flags/CustomFeatureFlags$$ExternalSyntheticLambda46;->test(Ljava/lang/Object;)Z,core-platform-api,public-api,system-api,test-api
Lcom/android/nfc/x/android/permission/flags/CustomFeatureFlags$$ExternalSyntheticLambda47;->test(Ljava/lang/Object;)Z,core-platform-api,public-api,system-api,test-api
Lcom/android/nfc/x/android/permission/flags/CustomFeatureFlags$$ExternalSyntheticLambda48;->test(Ljava/lang/Object;)Z,core-platform-api,public-api,system-api,test-api
Lcom/android/nfc/x/android/permission/flags/CustomFeatureFlags$$ExternalSyntheticLambda49;->test(Ljava/lang/Object;)Z,core-platform-api,public-api,system-api,test-api
Lcom/android/nfc/x/android/permission/flags/CustomFeatureFlags$$ExternalSyntheticLambda4;->test(Ljava/lang/Object;)Z,core-platform-api,public-api,system-api,test-api
Lcom/android/nfc/x/android/permission/flags/CustomFeatureFlags$$ExternalSyntheticLambda50;->test(Ljava/lang/Object;)Z,core-platform-api,public-api,system-api,test-api
Lcom/android/nfc/x/android/permission/flags/CustomFeatureFlags$$ExternalSyntheticLambda51;->test(Ljava/lang/Object;)Z,core-platform-api,public-api,system-api,test-api
Lcom/android/nfc/x/android/permission/flags/CustomFeatureFlags$$ExternalSyntheticLambda52;->test(Ljava/lang/Object;)Z,core-platform-api,public-api,system-api,test-api
Lcom/android/nfc/x/android/permission/flags/CustomFeatureFlags$$ExternalSyntheticLambda53;->test(Ljava/lang/Object;)Z,core-platform-api,public-api,system-api,test-api
Lcom/android/nfc/x/android/permission/flags/CustomFeatureFlags$$ExternalSyntheticLambda54;->test(Ljava/lang/Object;)Z,core-platform-api,public-api,system-api,test-api
Lcom/android/nfc/x/android/permission/flags/CustomFeatureFlags$$ExternalSyntheticLambda55;->test(Ljava/lang/Object;)Z,core-platform-api,public-api,system-api,test-api
Lcom/android/nfc/x/android/permission/flags/CustomFeatureFlags$$ExternalSyntheticLambda56;->test(Ljava/lang/Object;)Z,core-platform-api,public-api,system-api,test-api
Lcom/android/nfc/x/android/permission/flags/CustomFeatureFlags$$ExternalSyntheticLambda57;->test(Ljava/lang/Object;)Z,core-platform-api,public-api,system-api,test-api
Lcom/android/nfc/x/android/permission/flags/CustomFeatureFlags$$ExternalSyntheticLambda58;->test(Ljava/lang/Object;)Z,core-platform-api,public-api,system-api,test-api
Lcom/android/nfc/x/android/permission/flags/CustomFeatureFlags$$ExternalSyntheticLambda59;->test(Ljava/lang/Object;)Z,core-platform-api,public-api,system-api,test-api
Lcom/android/nfc/x/android/permission/flags/CustomFeatureFlags$$ExternalSyntheticLambda5;->test(Ljava/lang/Object;)Z,core-platform-api,public-api,system-api,test-api
Lcom/android/nfc/x/android/permission/flags/CustomFeatureFlags$$ExternalSyntheticLambda60;->test(Ljava/lang/Object;)Z,core-platform-api,public-api,system-api,test-api
Lcom/android/nfc/x/android/permission/flags/CustomFeatureFlags$$ExternalSyntheticLambda61;->test(Ljava/lang/Object;)Z,core-platform-api,public-api,system-api,test-api
Lcom/android/nfc/x/android/permission/flags/CustomFeatureFlags$$ExternalSyntheticLambda62;->test(Ljava/lang/Object;)Z,core-platform-api,public-api,system-api,test-api
Lcom/android/nfc/x/android/permission/flags/CustomFeatureFlags$$ExternalSyntheticLambda63;->test(Ljava/lang/Object;)Z,core-platform-api,public-api,system-api,test-api
Lcom/android/nfc/x/android/permission/flags/CustomFeatureFlags$$ExternalSyntheticLambda64;->test(Ljava/lang/Object;)Z,core-platform-api,public-api,system-api,test-api
Lcom/android/nfc/x/android/permission/flags/CustomFeatureFlags$$ExternalSyntheticLambda65;->test(Ljava/lang/Object;)Z,core-platform-api,public-api,system-api,test-api
Lcom/android/nfc/x/android/permission/flags/CustomFeatureFlags$$ExternalSyntheticLambda66;->test(Ljava/lang/Object;)Z,core-platform-api,public-api,system-api,test-api
Lcom/android/nfc/x/android/permission/flags/CustomFeatureFlags$$ExternalSyntheticLambda67;->test(Ljava/lang/Object;)Z,core-platform-api,public-api,system-api,test-api
Lcom/android/nfc/x/android/permission/flags/CustomFeatureFlags$$ExternalSyntheticLambda68;->test(Ljava/lang/Object;)Z,core-platform-api,public-api,system-api,test-api
Lcom/android/nfc/x/android/permission/flags/CustomFeatureFlags$$ExternalSyntheticLambda69;->test(Ljava/lang/Object;)Z,core-platform-api,public-api,system-api,test-api
Lcom/android/nfc/x/android/permission/flags/CustomFeatureFlags$$ExternalSyntheticLambda6;->test(Ljava/lang/Object;)Z,core-platform-api,public-api,system-api,test-api
Lcom/android/nfc/x/android/permission/flags/CustomFeatureFlags$$ExternalSyntheticLambda70;->test(Ljava/lang/Object;)Z,core-platform-api,public-api,system-api,test-api
Lcom/android/nfc/x/android/permission/flags/CustomFeatureFlags$$ExternalSyntheticLambda71;->test(Ljava/lang/Object;)Z,core-platform-api,public-api,system-api,test-api
Lcom/android/nfc/x/android/permission/flags/CustomFeatureFlags$$ExternalSyntheticLambda72;->test(Ljava/lang/Object;)Z,core-platform-api,public-api,system-api,test-api
Lcom/android/nfc/x/android/permission/flags/CustomFeatureFlags$$ExternalSyntheticLambda73;->test(Ljava/lang/Object;)Z,core-platform-api,public-api,system-api,test-api
Lcom/android/nfc/x/android/permission/flags/CustomFeatureFlags$$ExternalSyntheticLambda74;->test(Ljava/lang/Object;)Z,core-platform-api,public-api,system-api,test-api
Lcom/android/nfc/x/android/permission/flags/CustomFeatureFlags$$ExternalSyntheticLambda75;->test(Ljava/lang/Object;)Z,core-platform-api,public-api,system-api,test-api
Lcom/android/nfc/x/android/permission/flags/CustomFeatureFlags$$ExternalSyntheticLambda76;->test(Ljava/lang/Object;)Z,core-platform-api,public-api,system-api,test-api
Lcom/android/nfc/x/android/permission/flags/CustomFeatureFlags$$ExternalSyntheticLambda77;->test(Ljava/lang/Object;)Z,core-platform-api,public-api,system-api,test-api
Lcom/android/nfc/x/android/permission/flags/CustomFeatureFlags$$ExternalSyntheticLambda78;->test(Ljava/lang/Object;)Z,core-platform-api,public-api,system-api,test-api
Lcom/android/nfc/x/android/permission/flags/CustomFeatureFlags$$ExternalSyntheticLambda79;->test(Ljava/lang/Object;)Z,core-platform-api,public-api,system-api,test-api
Lcom/android/nfc/x/android/permission/flags/CustomFeatureFlags$$ExternalSyntheticLambda7;->test(Ljava/lang/Object;)Z,core-platform-api,public-api,system-api,test-api
Lcom/android/nfc/x/android/permission/flags/CustomFeatureFlags$$ExternalSyntheticLambda80;->test(Ljava/lang/Object;)Z,core-platform-api,public-api,system-api,test-api
Lcom/android/nfc/x/android/permission/flags/CustomFeatureFlags$$ExternalSyntheticLambda81;->test(Ljava/lang/Object;)Z,core-platform-api,public-api,system-api,test-api
Lcom/android/nfc/x/android/permission/flags/CustomFeatureFlags$$ExternalSyntheticLambda82;->test(Ljava/lang/Object;)Z,core-platform-api,public-api,system-api,test-api
Lcom/android/nfc/x/android/permission/flags/CustomFeatureFlags$$ExternalSyntheticLambda83;->test(Ljava/lang/Object;)Z,core-platform-api,public-api,system-api,test-api
Lcom/android/nfc/x/android/permission/flags/CustomFeatureFlags$$ExternalSyntheticLambda84;->test(Ljava/lang/Object;)Z,core-platform-api,public-api,system-api,test-api
Lcom/android/nfc/x/android/permission/flags/CustomFeatureFlags$$ExternalSyntheticLambda85;->test(Ljava/lang/Object;)Z,core-platform-api,public-api,system-api,test-api
Lcom/android/nfc/x/android/permission/flags/CustomFeatureFlags$$ExternalSyntheticLambda86;->test(Ljava/lang/Object;)Z,core-platform-api,public-api,system-api,test-api
Lcom/android/nfc/x/android/permission/flags/CustomFeatureFlags$$ExternalSyntheticLambda8;->test(Ljava/lang/Object;)Z,core-platform-api,public-api,system-api,test-api
Lcom/android/nfc/x/android/permission/flags/CustomFeatureFlags$$ExternalSyntheticLambda9;->test(Ljava/lang/Object;)Z,core-platform-api,public-api,system-api,test-api
