Landroid/nfc/ApduList$1;->createFromParcel(Landroid/os/Parcel;)Ljava/lang/Object;,public-api,sdk,system-api,test-api
Landroid/nfc/ApduList$1;->newArray(I)[Ljava/lang/Object;,public-api,sdk,system-api,test-api
Landroid/nfc/ApduList;-><init>()V,lo-prio,max-target-o
Landroid/nfc/ApduList;-><init>(Landroid/os/Parcel;)V,lo-prio,max-target-o
Landroid/nfc/ApduList;->CREATOR:Landroid/os/Parcelable$Creator;,lo-prio,max-target-o
Landroid/nfc/ApduList;->add([B)V,lo-prio,max-target-o
Landroid/nfc/ApduList;->commands:Ljava/util/ArrayList;,lo-prio,max-target-o
Landroid/nfc/ApduList;->describeContents()I,public-api,sdk,system-api,test-api
Landroid/nfc/ApduList;->get()Ljava/util/List;,lo-prio,max-target-o
Landroid/nfc/ApduList;->writeToParcel(Landroid/os/Parcel;I)V,public-api,sdk,system-api,test-api
Landroid/nfc/AvailableNfcAntenna$1;->createFromParcel(Landroid/os/Parcel;)Ljava/lang/Object;,public-api,sdk,system-api,test-api
Landroid/nfc/AvailableNfcAntenna$1;->newArray(I)[Ljava/lang/Object;,public-api,sdk,system-api,test-api
Landroid/nfc/AvailableNfcAntenna;-><init>(II)V,public-api,sdk,system-api,test-api
Landroid/nfc/AvailableNfcAntenna;->CREATOR:Landroid/os/Parcelable$Creator;,public-api,sdk,system-api,test-api
Landroid/nfc/AvailableNfcAntenna;->describeContents()I,public-api,sdk,system-api,test-api
Landroid/nfc/AvailableNfcAntenna;->equals(Ljava/lang/Object;)Z,core-platform-api,public-api,sdk,system-api,test-api
Landroid/nfc/AvailableNfcAntenna;->getLocationX()I,public-api,sdk,system-api,test-api
Landroid/nfc/AvailableNfcAntenna;->getLocationY()I,public-api,sdk,system-api,test-api
Landroid/nfc/AvailableNfcAntenna;->hashCode()I,core-platform-api,public-api,sdk,system-api,test-api
Landroid/nfc/AvailableNfcAntenna;->toString()Ljava/lang/String;,core-platform-api,public-api,sdk,system-api,test-api
Landroid/nfc/AvailableNfcAntenna;->writeToParcel(Landroid/os/Parcel;I)V,public-api,sdk,system-api,test-api
Landroid/nfc/ComponentNameAndUser$1;->createFromParcel(Landroid/os/Parcel;)Ljava/lang/Object;,public-api,sdk,system-api,test-api
Landroid/nfc/ComponentNameAndUser$1;->newArray(I)[Ljava/lang/Object;,public-api,sdk,system-api,test-api
Landroid/nfc/ComponentNameAndUser;->describeContents()I,public-api,sdk,system-api,test-api
Landroid/nfc/ComponentNameAndUser;->equals(Ljava/lang/Object;)Z,core-platform-api,public-api,sdk,system-api,test-api
Landroid/nfc/ComponentNameAndUser;->hashCode()I,core-platform-api,public-api,sdk,system-api,test-api
Landroid/nfc/ComponentNameAndUser;->toString()Ljava/lang/String;,core-platform-api,public-api,sdk,system-api,test-api
Landroid/nfc/ComponentNameAndUser;->writeToParcel(Landroid/os/Parcel;I)V,public-api,sdk,system-api,test-api
Landroid/nfc/Entry$1;->createFromParcel(Landroid/os/Parcel;)Ljava/lang/Object;,public-api,sdk,system-api,test-api
Landroid/nfc/Entry$1;->newArray(I)[Ljava/lang/Object;,public-api,sdk,system-api,test-api
Landroid/nfc/Entry;->describeContents()I,public-api,sdk,system-api,test-api
Landroid/nfc/Entry;->writeToParcel(Landroid/os/Parcel;I)V,public-api,sdk,system-api,test-api
Landroid/nfc/ErrorCodes;-><init>()V,lo-prio,max-target-o
Landroid/nfc/ErrorCodes;->ERROR_BUFFER_TO_SMALL:I,lo-prio,max-target-o
Landroid/nfc/ErrorCodes;->ERROR_BUSY:I,lo-prio,max-target-o
Landroid/nfc/ErrorCodes;->ERROR_CANCELLED:I,lo-prio,max-target-o
Landroid/nfc/ErrorCodes;->ERROR_CONNECT:I,lo-prio,max-target-o
Landroid/nfc/ErrorCodes;->ERROR_DISCONNECT:I,lo-prio,max-target-o
Landroid/nfc/ErrorCodes;->ERROR_INSUFFICIENT_RESOURCES:I,lo-prio,max-target-o
Landroid/nfc/ErrorCodes;->ERROR_INVALID_PARAM:I,lo-prio,max-target-o
Landroid/nfc/ErrorCodes;->ERROR_IO:I,lo-prio,max-target-o
Landroid/nfc/ErrorCodes;->ERROR_NFC_ON:I,lo-prio,max-target-o
Landroid/nfc/ErrorCodes;->ERROR_NOT_INITIALIZED:I,lo-prio,max-target-o
Landroid/nfc/ErrorCodes;->ERROR_NOT_SUPPORTED:I,lo-prio,max-target-o
Landroid/nfc/ErrorCodes;->ERROR_NO_SE_CONNECTED:I,lo-prio,max-target-o
Landroid/nfc/ErrorCodes;->ERROR_READ:I,lo-prio,max-target-o
Landroid/nfc/ErrorCodes;->ERROR_SAP_USED:I,lo-prio,max-target-o
Landroid/nfc/ErrorCodes;->ERROR_SERVICE_NAME_USED:I,lo-prio,max-target-o
Landroid/nfc/ErrorCodes;->ERROR_SE_ALREADY_SELECTED:I,lo-prio,max-target-o
Landroid/nfc/ErrorCodes;->ERROR_SE_CONNECTED:I,lo-prio,max-target-o
Landroid/nfc/ErrorCodes;->ERROR_SOCKET_CREATION:I,lo-prio,max-target-o
Landroid/nfc/ErrorCodes;->ERROR_SOCKET_NOT_CONNECTED:I,lo-prio,max-target-o
Landroid/nfc/ErrorCodes;->ERROR_SOCKET_OPTIONS:I,lo-prio,max-target-o
Landroid/nfc/ErrorCodes;->ERROR_TIMEOUT:I,lo-prio,max-target-o
Landroid/nfc/ErrorCodes;->ERROR_WRITE:I,lo-prio,max-target-o
Landroid/nfc/ErrorCodes;->SUCCESS:I,lo-prio,max-target-o
Landroid/nfc/ErrorCodes;->asString(I)Ljava/lang/String;,lo-prio,max-target-o
Landroid/nfc/ErrorCodes;->isError(I)Z,unsupported
Landroid/nfc/FormatException;-><init>()V,public-api,sdk,system-api,test-api
Landroid/nfc/FormatException;-><init>(Ljava/lang/String;)V,public-api,sdk,system-api,test-api
Landroid/nfc/FormatException;-><init>(Ljava/lang/String;Ljava/lang/Throwable;)V,public-api,sdk,system-api,test-api
Landroid/nfc/IAppCallback$Default;->asBinder()Landroid/os/IBinder;,public-api,sdk,system-api,test-api
Landroid/nfc/IAppCallback$Stub$Proxy;-><init>(Landroid/os/IBinder;)V,lo-prio,max-target-o
Landroid/nfc/IAppCallback$Stub$Proxy;->asBinder()Landroid/os/IBinder;,public-api,sdk,system-api,test-api
Landroid/nfc/IAppCallback$Stub$Proxy;->getInterfaceDescriptor()Ljava/lang/String;,lo-prio,max-target-o
Landroid/nfc/IAppCallback$Stub$Proxy;->mRemote:Landroid/os/IBinder;,lo-prio,max-target-o
Landroid/nfc/IAppCallback$Stub$Proxy;->onTagDiscovered(Landroid/nfc/Tag;)V,lo-prio,max-target-o
Landroid/nfc/IAppCallback$Stub;-><init>()V,lo-prio,max-target-o
Landroid/nfc/IAppCallback$Stub;->DESCRIPTOR:Ljava/lang/String;,lo-prio,max-target-o
Landroid/nfc/IAppCallback$Stub;->TRANSACTION_onTagDiscovered:I,lo-prio,max-target-o
Landroid/nfc/IAppCallback$Stub;->asBinder()Landroid/os/IBinder;,public-api,sdk,system-api,test-api
Landroid/nfc/IAppCallback$Stub;->asInterface(Landroid/os/IBinder;)Landroid/nfc/IAppCallback;,lo-prio,max-target-o
Landroid/nfc/IAppCallback$Stub;->onTransact(ILandroid/os/Parcel;Landroid/os/Parcel;I)Z,public-api,sdk,system-api,test-api
Landroid/nfc/IAppCallback;->onTagDiscovered(Landroid/nfc/Tag;)V,lo-prio,max-target-o
Landroid/nfc/INfcAdapter$Default;->asBinder()Landroid/os/IBinder;,public-api,sdk,system-api,test-api
Landroid/nfc/INfcAdapter$Stub$Proxy;-><init>(Landroid/os/IBinder;)V,lo-prio,max-target-o
Landroid/nfc/INfcAdapter$Stub$Proxy;->addNfcUnlockHandler(Landroid/nfc/INfcUnlockHandler;[I)V,lo-prio,max-target-o
Landroid/nfc/INfcAdapter$Stub$Proxy;->asBinder()Landroid/os/IBinder;,public-api,sdk,system-api,test-api
Landroid/nfc/INfcAdapter$Stub$Proxy;->dispatch(Landroid/nfc/Tag;)V,lo-prio,max-target-o
Landroid/nfc/INfcAdapter$Stub$Proxy;->getInterfaceDescriptor()Ljava/lang/String;,lo-prio,max-target-o
Landroid/nfc/INfcAdapter$Stub$Proxy;->getNfcAdapterExtrasInterface(Ljava/lang/String;)Landroid/nfc/INfcAdapterExtras;,lo-prio,max-target-o
Landroid/nfc/INfcAdapter$Stub$Proxy;->getNfcCardEmulationInterface()Landroid/nfc/INfcCardEmulation;,lo-prio,max-target-o
Landroid/nfc/INfcAdapter$Stub$Proxy;->getNfcDtaInterface(Ljava/lang/String;)Landroid/nfc/INfcDta;,lo-prio,max-target-o
Landroid/nfc/INfcAdapter$Stub$Proxy;->getNfcFCardEmulationInterface()Landroid/nfc/INfcFCardEmulation;,lo-prio,max-target-o
Landroid/nfc/INfcAdapter$Stub$Proxy;->getNfcTagInterface()Landroid/nfc/INfcTag;,lo-prio,max-target-o
Landroid/nfc/INfcAdapter$Stub$Proxy;->getState()I,lo-prio,max-target-o
Landroid/nfc/INfcAdapter$Stub$Proxy;->ignore(IILandroid/nfc/ITagRemovedCallback;)Z,lo-prio,max-target-o
Landroid/nfc/INfcAdapter$Stub$Proxy;->mRemote:Landroid/os/IBinder;,lo-prio,max-target-o
Landroid/nfc/INfcAdapter$Stub$Proxy;->removeNfcUnlockHandler(Landroid/nfc/INfcUnlockHandler;)V,lo-prio,max-target-o
Landroid/nfc/INfcAdapter$Stub$Proxy;->setAppCallback(Landroid/nfc/IAppCallback;)V,lo-prio,max-target-o
Landroid/nfc/INfcAdapter$Stub$Proxy;->setForegroundDispatch(Landroid/app/PendingIntent;[Landroid/content/IntentFilter;Landroid/nfc/TechListParcel;)V,lo-prio,max-target-o
Landroid/nfc/INfcAdapter$Stub$Proxy;->verifyNfcPermission()V,lo-prio,max-target-o
Landroid/nfc/INfcAdapter$Stub;-><init>()V,lo-prio,max-target-o
Landroid/nfc/INfcAdapter$Stub;->DESCRIPTOR:Ljava/lang/String;,lo-prio,max-target-o
Landroid/nfc/INfcAdapter$Stub;->TRANSACTION_addNfcUnlockHandler:I,lo-prio,max-target-o
Landroid/nfc/INfcAdapter$Stub;->TRANSACTION_disable:I,lo-prio,max-target-o
Landroid/nfc/INfcAdapter$Stub;->TRANSACTION_dispatch:I,lo-prio,max-target-o
Landroid/nfc/INfcAdapter$Stub;->TRANSACTION_enable:I,lo-prio,max-target-r
Landroid/nfc/INfcAdapter$Stub;->TRANSACTION_getNfcAdapterExtrasInterface:I,lo-prio,max-target-o
Landroid/nfc/INfcAdapter$Stub;->TRANSACTION_getNfcCardEmulationInterface:I,lo-prio,max-target-o
Landroid/nfc/INfcAdapter$Stub;->TRANSACTION_getNfcDtaInterface:I,lo-prio,max-target-o
Landroid/nfc/INfcAdapter$Stub;->TRANSACTION_getNfcFCardEmulationInterface:I,lo-prio,max-target-o
Landroid/nfc/INfcAdapter$Stub;->TRANSACTION_getNfcTagInterface:I,lo-prio,max-target-o
Landroid/nfc/INfcAdapter$Stub;->TRANSACTION_getState:I,lo-prio,max-target-o
Landroid/nfc/INfcAdapter$Stub;->TRANSACTION_ignore:I,lo-prio,max-target-o
Landroid/nfc/INfcAdapter$Stub;->TRANSACTION_pausePolling:I,lo-prio,max-target-o
Landroid/nfc/INfcAdapter$Stub;->TRANSACTION_removeNfcUnlockHandler:I,lo-prio,max-target-o
Landroid/nfc/INfcAdapter$Stub;->TRANSACTION_resumePolling:I,lo-prio,max-target-o
Landroid/nfc/INfcAdapter$Stub;->TRANSACTION_setAppCallback:I,lo-prio,max-target-o
Landroid/nfc/INfcAdapter$Stub;->TRANSACTION_setForegroundDispatch:I,lo-prio,max-target-o
Landroid/nfc/INfcAdapter$Stub;->TRANSACTION_setReaderMode:I,lo-prio,max-target-o
Landroid/nfc/INfcAdapter$Stub;->TRANSACTION_verifyNfcPermission:I,lo-prio,max-target-o
Landroid/nfc/INfcAdapter$Stub;->asBinder()Landroid/os/IBinder;,public-api,sdk,system-api,test-api
Landroid/nfc/INfcAdapter$Stub;->asInterface(Landroid/os/IBinder;)Landroid/nfc/INfcAdapter;,lo-prio,max-target-o
Landroid/nfc/INfcAdapter$Stub;->onTransact(ILandroid/os/Parcel;Landroid/os/Parcel;I)Z,public-api,sdk,system-api,test-api
Landroid/nfc/INfcAdapter;->addNfcUnlockHandler(Landroid/nfc/INfcUnlockHandler;[I)V,lo-prio,max-target-o
Landroid/nfc/INfcAdapter;->dispatch(Landroid/nfc/Tag;)V,lo-prio,max-target-o
Landroid/nfc/INfcAdapter;->getNfcAdapterExtrasInterface(Ljava/lang/String;)Landroid/nfc/INfcAdapterExtras;,lo-prio,max-target-o
Landroid/nfc/INfcAdapter;->getNfcCardEmulationInterface()Landroid/nfc/INfcCardEmulation;,lo-prio,max-target-o
Landroid/nfc/INfcAdapter;->getNfcDtaInterface(Ljava/lang/String;)Landroid/nfc/INfcDta;,lo-prio,max-target-o
Landroid/nfc/INfcAdapter;->getNfcFCardEmulationInterface()Landroid/nfc/INfcFCardEmulation;,lo-prio,max-target-o
Landroid/nfc/INfcAdapter;->getNfcTagInterface()Landroid/nfc/INfcTag;,lo-prio,max-target-o
Landroid/nfc/INfcAdapter;->getState()I,lo-prio,max-target-o
Landroid/nfc/INfcAdapter;->ignore(IILandroid/nfc/ITagRemovedCallback;)Z,lo-prio,max-target-o
Landroid/nfc/INfcAdapter;->removeNfcUnlockHandler(Landroid/nfc/INfcUnlockHandler;)V,lo-prio,max-target-o
Landroid/nfc/INfcAdapter;->setAppCallback(Landroid/nfc/IAppCallback;)V,lo-prio,max-target-o
Landroid/nfc/INfcAdapter;->setForegroundDispatch(Landroid/app/PendingIntent;[Landroid/content/IntentFilter;Landroid/nfc/TechListParcel;)V,lo-prio,max-target-o
Landroid/nfc/INfcAdapter;->verifyNfcPermission()V,lo-prio,max-target-o
Landroid/nfc/INfcAdapterExtras$Default;->asBinder()Landroid/os/IBinder;,public-api,sdk,system-api,test-api
Landroid/nfc/INfcAdapterExtras$Stub$Proxy;-><init>(Landroid/os/IBinder;)V,lo-prio,max-target-o
Landroid/nfc/INfcAdapterExtras$Stub$Proxy;->asBinder()Landroid/os/IBinder;,public-api,sdk,system-api,test-api
Landroid/nfc/INfcAdapterExtras$Stub$Proxy;->authenticate(Ljava/lang/String;[B)V,lo-prio,max-target-o
Landroid/nfc/INfcAdapterExtras$Stub$Proxy;->close(Ljava/lang/String;Landroid/os/IBinder;)Landroid/os/Bundle;,lo-prio,max-target-o
Landroid/nfc/INfcAdapterExtras$Stub$Proxy;->getCardEmulationRoute(Ljava/lang/String;)I,lo-prio,max-target-o
Landroid/nfc/INfcAdapterExtras$Stub$Proxy;->getDriverName(Ljava/lang/String;)Ljava/lang/String;,lo-prio,max-target-o
Landroid/nfc/INfcAdapterExtras$Stub$Proxy;->getInterfaceDescriptor()Ljava/lang/String;,lo-prio,max-target-o
Landroid/nfc/INfcAdapterExtras$Stub$Proxy;->mRemote:Landroid/os/IBinder;,lo-prio,max-target-o
Landroid/nfc/INfcAdapterExtras$Stub$Proxy;->open(Ljava/lang/String;Landroid/os/IBinder;)Landroid/os/Bundle;,lo-prio,max-target-o
Landroid/nfc/INfcAdapterExtras$Stub$Proxy;->setCardEmulationRoute(Ljava/lang/String;I)V,lo-prio,max-target-o
Landroid/nfc/INfcAdapterExtras$Stub$Proxy;->transceive(Ljava/lang/String;[B)Landroid/os/Bundle;,lo-prio,max-target-o
Landroid/nfc/INfcAdapterExtras$Stub;-><init>()V,lo-prio,max-target-o
Landroid/nfc/INfcAdapterExtras$Stub;->DESCRIPTOR:Ljava/lang/String;,lo-prio,max-target-o
Landroid/nfc/INfcAdapterExtras$Stub;->TRANSACTION_authenticate:I,lo-prio,max-target-o
Landroid/nfc/INfcAdapterExtras$Stub;->TRANSACTION_close:I,lo-prio,max-target-o
Landroid/nfc/INfcAdapterExtras$Stub;->TRANSACTION_getCardEmulationRoute:I,lo-prio,max-target-o
Landroid/nfc/INfcAdapterExtras$Stub;->TRANSACTION_getDriverName:I,lo-prio,max-target-o
Landroid/nfc/INfcAdapterExtras$Stub;->TRANSACTION_open:I,lo-prio,max-target-o
Landroid/nfc/INfcAdapterExtras$Stub;->TRANSACTION_setCardEmulationRoute:I,lo-prio,max-target-o
Landroid/nfc/INfcAdapterExtras$Stub;->TRANSACTION_transceive:I,lo-prio,max-target-o
Landroid/nfc/INfcAdapterExtras$Stub;->asBinder()Landroid/os/IBinder;,public-api,sdk,system-api,test-api
Landroid/nfc/INfcAdapterExtras$Stub;->asInterface(Landroid/os/IBinder;)Landroid/nfc/INfcAdapterExtras;,lo-prio,max-target-o
Landroid/nfc/INfcAdapterExtras$Stub;->onTransact(ILandroid/os/Parcel;Landroid/os/Parcel;I)Z,public-api,sdk,system-api,test-api
Landroid/nfc/INfcAdapterExtras;->authenticate(Ljava/lang/String;[B)V,max-target-r
Landroid/nfc/INfcAdapterExtras;->close(Ljava/lang/String;Landroid/os/IBinder;)Landroid/os/Bundle;,max-target-r
Landroid/nfc/INfcAdapterExtras;->getCardEmulationRoute(Ljava/lang/String;)I,max-target-r
Landroid/nfc/INfcAdapterExtras;->getDriverName(Ljava/lang/String;)Ljava/lang/String;,max-target-r
Landroid/nfc/INfcAdapterExtras;->open(Ljava/lang/String;Landroid/os/IBinder;)Landroid/os/Bundle;,max-target-r
Landroid/nfc/INfcAdapterExtras;->setCardEmulationRoute(Ljava/lang/String;I)V,max-target-r
Landroid/nfc/INfcAdapterExtras;->transceive(Ljava/lang/String;[B)Landroid/os/Bundle;,max-target-r
Landroid/nfc/INfcCardEmulation$Default;->asBinder()Landroid/os/IBinder;,public-api,sdk,system-api,test-api
Landroid/nfc/INfcCardEmulation$Stub$Proxy;-><init>(Landroid/os/IBinder;)V,lo-prio,max-target-o
Landroid/nfc/INfcCardEmulation$Stub$Proxy;->asBinder()Landroid/os/IBinder;,public-api,sdk,system-api,test-api
Landroid/nfc/INfcCardEmulation$Stub$Proxy;->getAidGroupForService(ILandroid/content/ComponentName;Ljava/lang/String;)Landroid/nfc/cardemulation/AidGroup;,lo-prio,max-target-o
Landroid/nfc/INfcCardEmulation$Stub$Proxy;->getInterfaceDescriptor()Ljava/lang/String;,lo-prio,max-target-o
Landroid/nfc/INfcCardEmulation$Stub$Proxy;->getServices(ILjava/lang/String;)Ljava/util/List;,lo-prio,max-target-o
Landroid/nfc/INfcCardEmulation$Stub$Proxy;->isDefaultServiceForAid(ILandroid/content/ComponentName;Ljava/lang/String;)Z,lo-prio,max-target-o
Landroid/nfc/INfcCardEmulation$Stub$Proxy;->isDefaultServiceForCategory(ILandroid/content/ComponentName;Ljava/lang/String;)Z,lo-prio,max-target-o
Landroid/nfc/INfcCardEmulation$Stub$Proxy;->mRemote:Landroid/os/IBinder;,lo-prio,max-target-o
Landroid/nfc/INfcCardEmulation$Stub$Proxy;->registerAidGroupForService(ILandroid/content/ComponentName;Landroid/nfc/cardemulation/AidGroup;)Z,lo-prio,max-target-o
Landroid/nfc/INfcCardEmulation$Stub$Proxy;->removeAidGroupForService(ILandroid/content/ComponentName;Ljava/lang/String;)Z,lo-prio,max-target-o
Landroid/nfc/INfcCardEmulation$Stub$Proxy;->setDefaultForNextTap(ILandroid/content/ComponentName;)Z,lo-prio,max-target-o
Landroid/nfc/INfcCardEmulation$Stub$Proxy;->setDefaultServiceForCategory(ILandroid/content/ComponentName;Ljava/lang/String;)Z,lo-prio,max-target-o
Landroid/nfc/INfcCardEmulation$Stub$Proxy;->setPreferredService(Landroid/content/ComponentName;)Z,lo-prio,max-target-o
Landroid/nfc/INfcCardEmulation$Stub$Proxy;->supportsAidPrefixRegistration()Z,lo-prio,max-target-o
Landroid/nfc/INfcCardEmulation$Stub$Proxy;->unsetPreferredService()Z,lo-prio,max-target-o
Landroid/nfc/INfcCardEmulation$Stub;-><init>()V,lo-prio,max-target-o
Landroid/nfc/INfcCardEmulation$Stub;->DESCRIPTOR:Ljava/lang/String;,lo-prio,max-target-o
Landroid/nfc/INfcCardEmulation$Stub;->TRANSACTION_getAidGroupForService:I,lo-prio,max-target-o
Landroid/nfc/INfcCardEmulation$Stub;->TRANSACTION_getServices:I,lo-prio,max-target-o
Landroid/nfc/INfcCardEmulation$Stub;->TRANSACTION_isDefaultServiceForAid:I,lo-prio,max-target-o
Landroid/nfc/INfcCardEmulation$Stub;->TRANSACTION_isDefaultServiceForCategory:I,lo-prio,max-target-o
Landroid/nfc/INfcCardEmulation$Stub;->TRANSACTION_registerAidGroupForService:I,lo-prio,max-target-o
Landroid/nfc/INfcCardEmulation$Stub;->TRANSACTION_removeAidGroupForService:I,lo-prio,max-target-o
Landroid/nfc/INfcCardEmulation$Stub;->TRANSACTION_setDefaultForNextTap:I,lo-prio,max-target-o
Landroid/nfc/INfcCardEmulation$Stub;->TRANSACTION_setDefaultServiceForCategory:I,lo-prio,max-target-o
Landroid/nfc/INfcCardEmulation$Stub;->TRANSACTION_setPreferredService:I,lo-prio,max-target-o
Landroid/nfc/INfcCardEmulation$Stub;->TRANSACTION_supportsAidPrefixRegistration:I,lo-prio,max-target-o
Landroid/nfc/INfcCardEmulation$Stub;->TRANSACTION_unsetPreferredService:I,lo-prio,max-target-o
Landroid/nfc/INfcCardEmulation$Stub;->asBinder()Landroid/os/IBinder;,public-api,sdk,system-api,test-api
Landroid/nfc/INfcCardEmulation$Stub;->asInterface(Landroid/os/IBinder;)Landroid/nfc/INfcCardEmulation;,lo-prio,max-target-o
Landroid/nfc/INfcCardEmulation$Stub;->onTransact(ILandroid/os/Parcel;Landroid/os/Parcel;I)Z,public-api,sdk,system-api,test-api
Landroid/nfc/INfcCardEmulation;->getAidGroupForService(ILandroid/content/ComponentName;Ljava/lang/String;)Landroid/nfc/cardemulation/AidGroup;,lo-prio,max-target-o
Landroid/nfc/INfcCardEmulation;->getServices(ILjava/lang/String;)Ljava/util/List;,lo-prio,max-target-o
Landroid/nfc/INfcCardEmulation;->isDefaultServiceForAid(ILandroid/content/ComponentName;Ljava/lang/String;)Z,lo-prio,max-target-o
Landroid/nfc/INfcCardEmulation;->isDefaultServiceForCategory(ILandroid/content/ComponentName;Ljava/lang/String;)Z,lo-prio,max-target-o
Landroid/nfc/INfcCardEmulation;->registerAidGroupForService(ILandroid/content/ComponentName;Landroid/nfc/cardemulation/AidGroup;)Z,lo-prio,max-target-o
Landroid/nfc/INfcCardEmulation;->removeAidGroupForService(ILandroid/content/ComponentName;Ljava/lang/String;)Z,lo-prio,max-target-o
Landroid/nfc/INfcCardEmulation;->setDefaultForNextTap(ILandroid/content/ComponentName;)Z,lo-prio,max-target-o
Landroid/nfc/INfcCardEmulation;->setDefaultServiceForCategory(ILandroid/content/ComponentName;Ljava/lang/String;)Z,lo-prio,max-target-o
Landroid/nfc/INfcCardEmulation;->setPreferredService(Landroid/content/ComponentName;)Z,lo-prio,max-target-o
Landroid/nfc/INfcCardEmulation;->supportsAidPrefixRegistration()Z,lo-prio,max-target-o
Landroid/nfc/INfcCardEmulation;->unsetPreferredService()Z,lo-prio,max-target-o
Landroid/nfc/INfcControllerAlwaysOnListener$Default;->asBinder()Landroid/os/IBinder;,public-api,sdk,system-api,test-api
Landroid/nfc/INfcControllerAlwaysOnListener$Stub$Proxy;->asBinder()Landroid/os/IBinder;,public-api,sdk,system-api,test-api
Landroid/nfc/INfcControllerAlwaysOnListener$Stub;->asBinder()Landroid/os/IBinder;,public-api,sdk,system-api,test-api
Landroid/nfc/INfcControllerAlwaysOnListener$Stub;->onTransact(ILandroid/os/Parcel;Landroid/os/Parcel;I)Z,public-api,sdk,system-api,test-api
Landroid/nfc/INfcDta$Default;->asBinder()Landroid/os/IBinder;,public-api,sdk,system-api,test-api
Landroid/nfc/INfcDta$Stub$Proxy;-><init>(Landroid/os/IBinder;)V,lo-prio,max-target-o
Landroid/nfc/INfcDta$Stub$Proxy;->asBinder()Landroid/os/IBinder;,public-api,sdk,system-api,test-api
Landroid/nfc/INfcDta$Stub$Proxy;->disableClient()V,lo-prio,max-target-o
Landroid/nfc/INfcDta$Stub$Proxy;->disableDta()V,lo-prio,max-target-o
Landroid/nfc/INfcDta$Stub$Proxy;->disableServer()V,lo-prio,max-target-o
Landroid/nfc/INfcDta$Stub$Proxy;->enableClient(Ljava/lang/String;III)Z,lo-prio,max-target-o
Landroid/nfc/INfcDta$Stub$Proxy;->enableDta()V,lo-prio,max-target-o
Landroid/nfc/INfcDta$Stub$Proxy;->enableServer(Ljava/lang/String;IIII)Z,lo-prio,max-target-o
Landroid/nfc/INfcDta$Stub$Proxy;->getInterfaceDescriptor()Ljava/lang/String;,lo-prio,max-target-o
Landroid/nfc/INfcDta$Stub$Proxy;->mRemote:Landroid/os/IBinder;,lo-prio,max-target-o
Landroid/nfc/INfcDta$Stub$Proxy;->registerMessageService(Ljava/lang/String;)Z,lo-prio,max-target-o
Landroid/nfc/INfcDta$Stub;-><init>()V,lo-prio,max-target-o
Landroid/nfc/INfcDta$Stub;->DESCRIPTOR:Ljava/lang/String;,lo-prio,max-target-o
Landroid/nfc/INfcDta$Stub;->TRANSACTION_disableClient:I,lo-prio,max-target-o
Landroid/nfc/INfcDta$Stub;->TRANSACTION_disableDta:I,lo-prio,max-target-o
Landroid/nfc/INfcDta$Stub;->TRANSACTION_disableServer:I,lo-prio,max-target-o
Landroid/nfc/INfcDta$Stub;->TRANSACTION_enableClient:I,lo-prio,max-target-o
Landroid/nfc/INfcDta$Stub;->TRANSACTION_enableDta:I,lo-prio,max-target-o
Landroid/nfc/INfcDta$Stub;->TRANSACTION_enableServer:I,lo-prio,max-target-o
Landroid/nfc/INfcDta$Stub;->TRANSACTION_registerMessageService:I,lo-prio,max-target-o
Landroid/nfc/INfcDta$Stub;->asBinder()Landroid/os/IBinder;,public-api,sdk,system-api,test-api
Landroid/nfc/INfcDta$Stub;->asInterface(Landroid/os/IBinder;)Landroid/nfc/INfcDta;,lo-prio,max-target-o
Landroid/nfc/INfcDta$Stub;->onTransact(ILandroid/os/Parcel;Landroid/os/Parcel;I)Z,public-api,sdk,system-api,test-api
Landroid/nfc/INfcDta;->disableClient()V,lo-prio,max-target-o
Landroid/nfc/INfcDta;->disableDta()V,lo-prio,max-target-o
Landroid/nfc/INfcDta;->disableServer()V,lo-prio,max-target-o
Landroid/nfc/INfcDta;->enableClient(Ljava/lang/String;III)Z,lo-prio,max-target-o
Landroid/nfc/INfcDta;->enableDta()V,lo-prio,max-target-o
Landroid/nfc/INfcDta;->enableServer(Ljava/lang/String;IIII)Z,lo-prio,max-target-o
Landroid/nfc/INfcDta;->registerMessageService(Ljava/lang/String;)Z,lo-prio,max-target-o
Landroid/nfc/INfcEventCallback$Default;->asBinder()Landroid/os/IBinder;,public-api,sdk,system-api,test-api
Landroid/nfc/INfcEventCallback$Stub$Proxy;->asBinder()Landroid/os/IBinder;,public-api,sdk,system-api,test-api
Landroid/nfc/INfcEventCallback$Stub;->asBinder()Landroid/os/IBinder;,public-api,sdk,system-api,test-api
Landroid/nfc/INfcEventCallback$Stub;->onTransact(ILandroid/os/Parcel;Landroid/os/Parcel;I)Z,public-api,sdk,system-api,test-api
Landroid/nfc/INfcFCardEmulation$Default;->asBinder()Landroid/os/IBinder;,public-api,sdk,system-api,test-api
Landroid/nfc/INfcFCardEmulation$Stub$Proxy;-><init>(Landroid/os/IBinder;)V,lo-prio,max-target-o
Landroid/nfc/INfcFCardEmulation$Stub$Proxy;->asBinder()Landroid/os/IBinder;,public-api,sdk,system-api,test-api
Landroid/nfc/INfcFCardEmulation$Stub$Proxy;->disableNfcFForegroundService()Z,lo-prio,max-target-o
Landroid/nfc/INfcFCardEmulation$Stub$Proxy;->enableNfcFForegroundService(Landroid/content/ComponentName;)Z,lo-prio,max-target-o
Landroid/nfc/INfcFCardEmulation$Stub$Proxy;->getInterfaceDescriptor()Ljava/lang/String;,lo-prio,max-target-o
Landroid/nfc/INfcFCardEmulation$Stub$Proxy;->getMaxNumOfRegisterableSystemCodes()I,lo-prio,max-target-o
Landroid/nfc/INfcFCardEmulation$Stub$Proxy;->getNfcFServices(I)Ljava/util/List;,lo-prio,max-target-o
Landroid/nfc/INfcFCardEmulation$Stub$Proxy;->getNfcid2ForService(ILandroid/content/ComponentName;)Ljava/lang/String;,lo-prio,max-target-o
Landroid/nfc/INfcFCardEmulation$Stub$Proxy;->getSystemCodeForService(ILandroid/content/ComponentName;)Ljava/lang/String;,lo-prio,max-target-o
Landroid/nfc/INfcFCardEmulation$Stub$Proxy;->mRemote:Landroid/os/IBinder;,lo-prio,max-target-o
Landroid/nfc/INfcFCardEmulation$Stub$Proxy;->registerSystemCodeForService(ILandroid/content/ComponentName;Ljava/lang/String;)Z,lo-prio,max-target-o
Landroid/nfc/INfcFCardEmulation$Stub$Proxy;->removeSystemCodeForService(ILandroid/content/ComponentName;)Z,lo-prio,max-target-o
Landroid/nfc/INfcFCardEmulation$Stub$Proxy;->setNfcid2ForService(ILandroid/content/ComponentName;Ljava/lang/String;)Z,lo-prio,max-target-o
Landroid/nfc/INfcFCardEmulation$Stub;-><init>()V,lo-prio,max-target-o
Landroid/nfc/INfcFCardEmulation$Stub;->DESCRIPTOR:Ljava/lang/String;,lo-prio,max-target-o
Landroid/nfc/INfcFCardEmulation$Stub;->TRANSACTION_disableNfcFForegroundService:I,lo-prio,max-target-o
Landroid/nfc/INfcFCardEmulation$Stub;->TRANSACTION_enableNfcFForegroundService:I,lo-prio,max-target-o
Landroid/nfc/INfcFCardEmulation$Stub;->TRANSACTION_getMaxNumOfRegisterableSystemCodes:I,lo-prio,max-target-o
Landroid/nfc/INfcFCardEmulation$Stub;->TRANSACTION_getNfcFServices:I,lo-prio,max-target-o
Landroid/nfc/INfcFCardEmulation$Stub;->TRANSACTION_getNfcid2ForService:I,lo-prio,max-target-o
Landroid/nfc/INfcFCardEmulation$Stub;->TRANSACTION_getSystemCodeForService:I,lo-prio,max-target-o
Landroid/nfc/INfcFCardEmulation$Stub;->TRANSACTION_registerSystemCodeForService:I,lo-prio,max-target-o
Landroid/nfc/INfcFCardEmulation$Stub;->TRANSACTION_removeSystemCodeForService:I,lo-prio,max-target-o
Landroid/nfc/INfcFCardEmulation$Stub;->TRANSACTION_setNfcid2ForService:I,lo-prio,max-target-o
Landroid/nfc/INfcFCardEmulation$Stub;->asBinder()Landroid/os/IBinder;,public-api,sdk,system-api,test-api
Landroid/nfc/INfcFCardEmulation$Stub;->asInterface(Landroid/os/IBinder;)Landroid/nfc/INfcFCardEmulation;,lo-prio,max-target-o
Landroid/nfc/INfcFCardEmulation$Stub;->onTransact(ILandroid/os/Parcel;Landroid/os/Parcel;I)Z,public-api,sdk,system-api,test-api
Landroid/nfc/INfcFCardEmulation;->disableNfcFForegroundService()Z,lo-prio,max-target-o
Landroid/nfc/INfcFCardEmulation;->enableNfcFForegroundService(Landroid/content/ComponentName;)Z,lo-prio,max-target-o
Landroid/nfc/INfcFCardEmulation;->getMaxNumOfRegisterableSystemCodes()I,lo-prio,max-target-o
Landroid/nfc/INfcFCardEmulation;->getNfcFServices(I)Ljava/util/List;,lo-prio,max-target-o
Landroid/nfc/INfcFCardEmulation;->getNfcid2ForService(ILandroid/content/ComponentName;)Ljava/lang/String;,lo-prio,max-target-o
Landroid/nfc/INfcFCardEmulation;->getSystemCodeForService(ILandroid/content/ComponentName;)Ljava/lang/String;,lo-prio,max-target-o
Landroid/nfc/INfcFCardEmulation;->registerSystemCodeForService(ILandroid/content/ComponentName;Ljava/lang/String;)Z,lo-prio,max-target-o
Landroid/nfc/INfcFCardEmulation;->removeSystemCodeForService(ILandroid/content/ComponentName;)Z,lo-prio,max-target-o
Landroid/nfc/INfcFCardEmulation;->setNfcid2ForService(ILandroid/content/ComponentName;Ljava/lang/String;)Z,lo-prio,max-target-o
Landroid/nfc/INfcOemExtensionCallback$Default;->asBinder()Landroid/os/IBinder;,public-api,sdk,system-api,test-api
Landroid/nfc/INfcOemExtensionCallback$Stub$Proxy;->asBinder()Landroid/os/IBinder;,public-api,sdk,system-api,test-api
Landroid/nfc/INfcOemExtensionCallback$Stub;->asBinder()Landroid/os/IBinder;,public-api,sdk,system-api,test-api
Landroid/nfc/INfcOemExtensionCallback$Stub;->onTransact(ILandroid/os/Parcel;Landroid/os/Parcel;I)Z,public-api,sdk,system-api,test-api
Landroid/nfc/INfcTag$Default;->asBinder()Landroid/os/IBinder;,public-api,sdk,system-api,test-api
Landroid/nfc/INfcTag$Stub$Proxy;-><init>(Landroid/os/IBinder;)V,lo-prio,max-target-o
Landroid/nfc/INfcTag$Stub$Proxy;->asBinder()Landroid/os/IBinder;,public-api,sdk,system-api,test-api
Landroid/nfc/INfcTag$Stub$Proxy;->canMakeReadOnly(I)Z,lo-prio,max-target-o
Landroid/nfc/INfcTag$Stub$Proxy;->connect(II)I,lo-prio,max-target-o
Landroid/nfc/INfcTag$Stub$Proxy;->formatNdef(I[B)I,lo-prio,max-target-o
Landroid/nfc/INfcTag$Stub$Proxy;->getExtendedLengthApdusSupported()Z,lo-prio,max-target-o
Landroid/nfc/INfcTag$Stub$Proxy;->getInterfaceDescriptor()Ljava/lang/String;,lo-prio,max-target-o
Landroid/nfc/INfcTag$Stub$Proxy;->getMaxTransceiveLength(I)I,lo-prio,max-target-o
Landroid/nfc/INfcTag$Stub$Proxy;->getTechList(I)[I,lo-prio,max-target-o
Landroid/nfc/INfcTag$Stub$Proxy;->getTimeout(I)I,lo-prio,max-target-o
Landroid/nfc/INfcTag$Stub$Proxy;->isNdef(I)Z,lo-prio,max-target-o
Landroid/nfc/INfcTag$Stub$Proxy;->isPresent(I)Z,lo-prio,max-target-o
Landroid/nfc/INfcTag$Stub$Proxy;->mRemote:Landroid/os/IBinder;,lo-prio,max-target-o
Landroid/nfc/INfcTag$Stub$Proxy;->ndefIsWritable(I)Z,lo-prio,max-target-o
Landroid/nfc/INfcTag$Stub$Proxy;->ndefMakeReadOnly(I)I,lo-prio,max-target-o
Landroid/nfc/INfcTag$Stub$Proxy;->ndefRead(I)Landroid/nfc/NdefMessage;,lo-prio,max-target-o
Landroid/nfc/INfcTag$Stub$Proxy;->ndefWrite(ILandroid/nfc/NdefMessage;)I,lo-prio,max-target-o
Landroid/nfc/INfcTag$Stub$Proxy;->reconnect(I)I,lo-prio,max-target-o
Landroid/nfc/INfcTag$Stub$Proxy;->rediscover(I)Landroid/nfc/Tag;,lo-prio,max-target-o
Landroid/nfc/INfcTag$Stub$Proxy;->resetTimeouts()V,lo-prio,max-target-o
Landroid/nfc/INfcTag$Stub$Proxy;->setTimeout(II)I,lo-prio,max-target-o
Landroid/nfc/INfcTag$Stub$Proxy;->transceive(I[BZ)Landroid/nfc/TransceiveResult;,lo-prio,max-target-o
Landroid/nfc/INfcTag$Stub;-><init>()V,lo-prio,max-target-o
Landroid/nfc/INfcTag$Stub;->DESCRIPTOR:Ljava/lang/String;,lo-prio,max-target-o
Landroid/nfc/INfcTag$Stub;->TRANSACTION_canMakeReadOnly:I,lo-prio,max-target-o
Landroid/nfc/INfcTag$Stub;->TRANSACTION_connect:I,lo-prio,max-target-o
Landroid/nfc/INfcTag$Stub;->TRANSACTION_formatNdef:I,lo-prio,max-target-o
Landroid/nfc/INfcTag$Stub;->TRANSACTION_getExtendedLengthApdusSupported:I,lo-prio,max-target-o
Landroid/nfc/INfcTag$Stub;->TRANSACTION_getMaxTransceiveLength:I,lo-prio,max-target-o
Landroid/nfc/INfcTag$Stub;->TRANSACTION_getTechList:I,lo-prio,max-target-o
Landroid/nfc/INfcTag$Stub;->TRANSACTION_getTimeout:I,lo-prio,max-target-o
Landroid/nfc/INfcTag$Stub;->TRANSACTION_isNdef:I,lo-prio,max-target-o
Landroid/nfc/INfcTag$Stub;->TRANSACTION_isPresent:I,lo-prio,max-target-o
Landroid/nfc/INfcTag$Stub;->TRANSACTION_ndefIsWritable:I,lo-prio,max-target-o
Landroid/nfc/INfcTag$Stub;->TRANSACTION_ndefMakeReadOnly:I,lo-prio,max-target-o
Landroid/nfc/INfcTag$Stub;->TRANSACTION_ndefRead:I,lo-prio,max-target-o
Landroid/nfc/INfcTag$Stub;->TRANSACTION_ndefWrite:I,lo-prio,max-target-o
Landroid/nfc/INfcTag$Stub;->TRANSACTION_reconnect:I,lo-prio,max-target-o
Landroid/nfc/INfcTag$Stub;->TRANSACTION_rediscover:I,lo-prio,max-target-o
Landroid/nfc/INfcTag$Stub;->TRANSACTION_resetTimeouts:I,lo-prio,max-target-o
Landroid/nfc/INfcTag$Stub;->TRANSACTION_setTimeout:I,lo-prio,max-target-o
Landroid/nfc/INfcTag$Stub;->TRANSACTION_transceive:I,lo-prio,max-target-o
Landroid/nfc/INfcTag$Stub;->asBinder()Landroid/os/IBinder;,public-api,sdk,system-api,test-api
Landroid/nfc/INfcTag$Stub;->asInterface(Landroid/os/IBinder;)Landroid/nfc/INfcTag;,lo-prio,max-target-o
Landroid/nfc/INfcTag$Stub;->onTransact(ILandroid/os/Parcel;Landroid/os/Parcel;I)Z,public-api,sdk,system-api,test-api
Landroid/nfc/INfcTag;->canMakeReadOnly(I)Z,lo-prio,max-target-o
Landroid/nfc/INfcTag;->connect(II)I,lo-prio,max-target-o
Landroid/nfc/INfcTag;->formatNdef(I[B)I,lo-prio,max-target-o
Landroid/nfc/INfcTag;->getExtendedLengthApdusSupported()Z,lo-prio,max-target-o
Landroid/nfc/INfcTag;->getMaxTransceiveLength(I)I,lo-prio,max-target-o
Landroid/nfc/INfcTag;->getTechList(I)[I,lo-prio,max-target-o
Landroid/nfc/INfcTag;->getTimeout(I)I,lo-prio,max-target-o
Landroid/nfc/INfcTag;->isNdef(I)Z,lo-prio,max-target-o
Landroid/nfc/INfcTag;->isPresent(I)Z,lo-prio,max-target-o
Landroid/nfc/INfcTag;->ndefIsWritable(I)Z,lo-prio,max-target-o
Landroid/nfc/INfcTag;->ndefMakeReadOnly(I)I,lo-prio,max-target-o
Landroid/nfc/INfcTag;->ndefRead(I)Landroid/nfc/NdefMessage;,lo-prio,max-target-o
Landroid/nfc/INfcTag;->ndefWrite(ILandroid/nfc/NdefMessage;)I,lo-prio,max-target-o
Landroid/nfc/INfcTag;->reconnect(I)I,lo-prio,max-target-o
Landroid/nfc/INfcTag;->rediscover(I)Landroid/nfc/Tag;,lo-prio,max-target-o
Landroid/nfc/INfcTag;->resetTimeouts()V,lo-prio,max-target-o
Landroid/nfc/INfcTag;->setTimeout(II)I,lo-prio,max-target-o
Landroid/nfc/INfcTag;->transceive(I[BZ)Landroid/nfc/TransceiveResult;,lo-prio,max-target-o
Landroid/nfc/INfcUnlockHandler$Default;->asBinder()Landroid/os/IBinder;,public-api,sdk,system-api,test-api
Landroid/nfc/INfcUnlockHandler$Stub$Proxy;-><init>(Landroid/os/IBinder;)V,lo-prio,max-target-o
Landroid/nfc/INfcUnlockHandler$Stub$Proxy;->asBinder()Landroid/os/IBinder;,public-api,sdk,system-api,test-api
Landroid/nfc/INfcUnlockHandler$Stub$Proxy;->getInterfaceDescriptor()Ljava/lang/String;,lo-prio,max-target-o
Landroid/nfc/INfcUnlockHandler$Stub$Proxy;->mRemote:Landroid/os/IBinder;,lo-prio,max-target-o
Landroid/nfc/INfcUnlockHandler$Stub$Proxy;->onUnlockAttempted(Landroid/nfc/Tag;)Z,lo-prio,max-target-o
Landroid/nfc/INfcUnlockHandler$Stub;-><init>()V,lo-prio,max-target-o
Landroid/nfc/INfcUnlockHandler$Stub;->DESCRIPTOR:Ljava/lang/String;,lo-prio,max-target-o
Landroid/nfc/INfcUnlockHandler$Stub;->TRANSACTION_onUnlockAttempted:I,lo-prio,max-target-o
Landroid/nfc/INfcUnlockHandler$Stub;->asBinder()Landroid/os/IBinder;,public-api,sdk,system-api,test-api
Landroid/nfc/INfcUnlockHandler$Stub;->asInterface(Landroid/os/IBinder;)Landroid/nfc/INfcUnlockHandler;,lo-prio,max-target-o
Landroid/nfc/INfcUnlockHandler$Stub;->onTransact(ILandroid/os/Parcel;Landroid/os/Parcel;I)Z,public-api,sdk,system-api,test-api
Landroid/nfc/INfcUnlockHandler;->onUnlockAttempted(Landroid/nfc/Tag;)Z,lo-prio,max-target-o
Landroid/nfc/INfcVendorNciCallback$Default;->asBinder()Landroid/os/IBinder;,public-api,sdk,system-api,test-api
Landroid/nfc/INfcVendorNciCallback$Stub$Proxy;->asBinder()Landroid/os/IBinder;,public-api,sdk,system-api,test-api
Landroid/nfc/INfcVendorNciCallback$Stub;->asBinder()Landroid/os/IBinder;,public-api,sdk,system-api,test-api
Landroid/nfc/INfcVendorNciCallback$Stub;->onTransact(ILandroid/os/Parcel;Landroid/os/Parcel;I)Z,public-api,sdk,system-api,test-api
Landroid/nfc/INfcWlcStateListener$Default;->asBinder()Landroid/os/IBinder;,public-api,sdk,system-api,test-api
Landroid/nfc/INfcWlcStateListener$Stub$Proxy;->asBinder()Landroid/os/IBinder;,public-api,sdk,system-api,test-api
Landroid/nfc/INfcWlcStateListener$Stub;->asBinder()Landroid/os/IBinder;,public-api,sdk,system-api,test-api
Landroid/nfc/INfcWlcStateListener$Stub;->onTransact(ILandroid/os/Parcel;Landroid/os/Parcel;I)Z,public-api,sdk,system-api,test-api
Landroid/nfc/IT4tNdefNfcee$Default;->asBinder()Landroid/os/IBinder;,public-api,sdk,system-api,test-api
Landroid/nfc/IT4tNdefNfcee$Stub$Proxy;->asBinder()Landroid/os/IBinder;,public-api,sdk,system-api,test-api
Landroid/nfc/IT4tNdefNfcee$Stub;->asBinder()Landroid/os/IBinder;,public-api,sdk,system-api,test-api
Landroid/nfc/IT4tNdefNfcee$Stub;->onTransact(ILandroid/os/Parcel;Landroid/os/Parcel;I)Z,public-api,sdk,system-api,test-api
Landroid/nfc/ITagRemovedCallback$Default;->asBinder()Landroid/os/IBinder;,public-api,sdk,system-api,test-api
Landroid/nfc/ITagRemovedCallback$Stub$Proxy;-><init>(Landroid/os/IBinder;)V,lo-prio,max-target-o
Landroid/nfc/ITagRemovedCallback$Stub$Proxy;->asBinder()Landroid/os/IBinder;,public-api,sdk,system-api,test-api
Landroid/nfc/ITagRemovedCallback$Stub$Proxy;->getInterfaceDescriptor()Ljava/lang/String;,lo-prio,max-target-o
Landroid/nfc/ITagRemovedCallback$Stub$Proxy;->mRemote:Landroid/os/IBinder;,lo-prio,max-target-o
Landroid/nfc/ITagRemovedCallback$Stub$Proxy;->onTagRemoved()V,lo-prio,max-target-o
Landroid/nfc/ITagRemovedCallback$Stub;-><init>()V,lo-prio,max-target-o
Landroid/nfc/ITagRemovedCallback$Stub;->DESCRIPTOR:Ljava/lang/String;,lo-prio,max-target-o
Landroid/nfc/ITagRemovedCallback$Stub;->TRANSACTION_onTagRemoved:I,lo-prio,max-target-o
Landroid/nfc/ITagRemovedCallback$Stub;->asBinder()Landroid/os/IBinder;,public-api,sdk,system-api,test-api
Landroid/nfc/ITagRemovedCallback$Stub;->asInterface(Landroid/os/IBinder;)Landroid/nfc/ITagRemovedCallback;,lo-prio,max-target-o
Landroid/nfc/ITagRemovedCallback$Stub;->onTransact(ILandroid/os/Parcel;Landroid/os/Parcel;I)Z,public-api,sdk,system-api,test-api
Landroid/nfc/ITagRemovedCallback;->onTagRemoved()V,lo-prio,max-target-o
Landroid/nfc/NdefMessage$1;->createFromParcel(Landroid/os/Parcel;)Ljava/lang/Object;,public-api,sdk,system-api,test-api
Landroid/nfc/NdefMessage$1;->newArray(I)[Ljava/lang/Object;,public-api,sdk,system-api,test-api
Landroid/nfc/NdefMessage;-><init>(Landroid/nfc/NdefRecord;[Landroid/nfc/NdefRecord;)V,public-api,sdk,system-api,test-api
Landroid/nfc/NdefMessage;-><init>([B)V,public-api,sdk,system-api,test-api
Landroid/nfc/NdefMessage;-><init>([Landroid/nfc/NdefRecord;)V,public-api,sdk,system-api,test-api
Landroid/nfc/NdefMessage;->CREATOR:Landroid/os/Parcelable$Creator;,public-api,sdk,system-api,test-api
Landroid/nfc/NdefMessage;->describeContents()I,public-api,sdk,system-api,test-api
Landroid/nfc/NdefMessage;->equals(Ljava/lang/Object;)Z,core-platform-api,public-api,sdk,system-api,test-api
Landroid/nfc/NdefMessage;->getByteArrayLength()I,public-api,sdk,system-api,test-api
Landroid/nfc/NdefMessage;->getRecords()[Landroid/nfc/NdefRecord;,public-api,sdk,system-api,test-api
Landroid/nfc/NdefMessage;->hashCode()I,core-platform-api,public-api,sdk,system-api,test-api
Landroid/nfc/NdefMessage;->mRecords:[Landroid/nfc/NdefRecord;,lo-prio,max-target-o
Landroid/nfc/NdefMessage;->toByteArray()[B,public-api,sdk,system-api,test-api
Landroid/nfc/NdefMessage;->toString()Ljava/lang/String;,core-platform-api,public-api,sdk,system-api,test-api
Landroid/nfc/NdefMessage;->writeToParcel(Landroid/os/Parcel;I)V,public-api,sdk,system-api,test-api
Landroid/nfc/NdefRecord$1;->createFromParcel(Landroid/os/Parcel;)Ljava/lang/Object;,public-api,sdk,system-api,test-api
Landroid/nfc/NdefRecord$1;->newArray(I)[Ljava/lang/Object;,public-api,sdk,system-api,test-api
Landroid/nfc/NdefRecord;-><init>(S[B[B[B)V,public-api,sdk,system-api,test-api
Landroid/nfc/NdefRecord;-><init>([B)V,public-api,sdk,system-api,test-api
Landroid/nfc/NdefRecord;->CREATOR:Landroid/os/Parcelable$Creator;,public-api,sdk,system-api,test-api
Landroid/nfc/NdefRecord;->EMPTY_BYTE_ARRAY:[B,lo-prio,max-target-o
Landroid/nfc/NdefRecord;->FLAG_CF:B,lo-prio,max-target-o
Landroid/nfc/NdefRecord;->FLAG_IL:B,lo-prio,max-target-o
Landroid/nfc/NdefRecord;->FLAG_MB:B,lo-prio,max-target-o
Landroid/nfc/NdefRecord;->FLAG_ME:B,lo-prio,max-target-o
Landroid/nfc/NdefRecord;->FLAG_SR:B,lo-prio,max-target-o
Landroid/nfc/NdefRecord;->MAX_PAYLOAD_SIZE:I,lo-prio,max-target-o
Landroid/nfc/NdefRecord;->RTD_ALTERNATIVE_CARRIER:[B,public-api,sdk,system-api,test-api
Landroid/nfc/NdefRecord;->RTD_ANDROID_APP:[B,lo-prio,max-target-o
Landroid/nfc/NdefRecord;->RTD_HANDOVER_CARRIER:[B,public-api,sdk,system-api,test-api
Landroid/nfc/NdefRecord;->RTD_HANDOVER_REQUEST:[B,public-api,sdk,system-api,test-api
Landroid/nfc/NdefRecord;->RTD_HANDOVER_SELECT:[B,public-api,sdk,system-api,test-api
Landroid/nfc/NdefRecord;->RTD_SMART_POSTER:[B,public-api,sdk,system-api,test-api
Landroid/nfc/NdefRecord;->RTD_TEXT:[B,public-api,sdk,system-api,test-api
Landroid/nfc/NdefRecord;->RTD_URI:[B,public-api,sdk,system-api,test-api
Landroid/nfc/NdefRecord;->TNF_ABSOLUTE_URI:S,public-api,sdk,system-api,test-api
Landroid/nfc/NdefRecord;->TNF_EMPTY:S,public-api,sdk,system-api,test-api
Landroid/nfc/NdefRecord;->TNF_EXTERNAL_TYPE:S,public-api,sdk,system-api,test-api
Landroid/nfc/NdefRecord;->TNF_MIME_MEDIA:S,public-api,sdk,system-api,test-api
Landroid/nfc/NdefRecord;->TNF_RESERVED:S,lo-prio,max-target-o
Landroid/nfc/NdefRecord;->TNF_UNCHANGED:S,public-api,sdk,system-api,test-api
Landroid/nfc/NdefRecord;->TNF_UNKNOWN:S,public-api,sdk,system-api,test-api
Landroid/nfc/NdefRecord;->TNF_WELL_KNOWN:S,public-api,sdk,system-api,test-api
Landroid/nfc/NdefRecord;->URI_PREFIX_MAP:[Ljava/lang/String;,lo-prio,max-target-o
Landroid/nfc/NdefRecord;->bytesToString([B)Ljava/lang/StringBuilder;,lo-prio,max-target-o
Landroid/nfc/NdefRecord;->createApplicationRecord(Ljava/lang/String;)Landroid/nfc/NdefRecord;,public-api,sdk,system-api,test-api
Landroid/nfc/NdefRecord;->createExternal(Ljava/lang/String;Ljava/lang/String;[B)Landroid/nfc/NdefRecord;,public-api,sdk,system-api,test-api
Landroid/nfc/NdefRecord;->createMime(Ljava/lang/String;[B)Landroid/nfc/NdefRecord;,public-api,sdk,system-api,test-api
Landroid/nfc/NdefRecord;->createTextRecord(Ljava/lang/String;Ljava/lang/String;)Landroid/nfc/NdefRecord;,public-api,sdk,system-api,test-api
Landroid/nfc/NdefRecord;->createUri(Landroid/net/Uri;)Landroid/nfc/NdefRecord;,public-api,sdk,system-api,test-api
Landroid/nfc/NdefRecord;->createUri(Ljava/lang/String;)Landroid/nfc/NdefRecord;,public-api,sdk,system-api,test-api
Landroid/nfc/NdefRecord;->describeContents()I,public-api,sdk,system-api,test-api
Landroid/nfc/NdefRecord;->ensureSanePayloadSize(J)V,lo-prio,max-target-o
Landroid/nfc/NdefRecord;->equals(Ljava/lang/Object;)Z,core-platform-api,public-api,sdk,system-api,test-api
Landroid/nfc/NdefRecord;->getByteLength()I,lo-prio,max-target-o
Landroid/nfc/NdefRecord;->getId()[B,public-api,sdk,system-api,test-api
Landroid/nfc/NdefRecord;->getPayload()[B,public-api,sdk,system-api,test-api
Landroid/nfc/NdefRecord;->getTnf()S,public-api,sdk,system-api,test-api
Landroid/nfc/NdefRecord;->getType()[B,public-api,sdk,system-api,test-api
Landroid/nfc/NdefRecord;->hashCode()I,core-platform-api,public-api,sdk,system-api,test-api
Landroid/nfc/NdefRecord;->mId:[B,max-target-r
Landroid/nfc/NdefRecord;->mPayload:[B,lo-prio,max-target-o
Landroid/nfc/NdefRecord;->mTnf:S,lo-prio,max-target-o
Landroid/nfc/NdefRecord;->mType:[B,lo-prio,max-target-o
Landroid/nfc/NdefRecord;->parse(Ljava/nio/ByteBuffer;Z)[Landroid/nfc/NdefRecord;,lo-prio,max-target-o
Landroid/nfc/NdefRecord;->parseWktUri()Landroid/net/Uri;,lo-prio,max-target-o
Landroid/nfc/NdefRecord;->toByteArray()[B,public-api,sdk,system-api,test-api
Landroid/nfc/NdefRecord;->toMimeType()Ljava/lang/String;,public-api,sdk,system-api,test-api
Landroid/nfc/NdefRecord;->toString()Ljava/lang/String;,core-platform-api,public-api,sdk,system-api,test-api
Landroid/nfc/NdefRecord;->toUri()Landroid/net/Uri;,public-api,sdk,system-api,test-api
Landroid/nfc/NdefRecord;->toUri(Z)Landroid/net/Uri;,lo-prio,max-target-o
Landroid/nfc/NdefRecord;->validateTnf(S[B[B[B)Ljava/lang/String;,lo-prio,max-target-o
Landroid/nfc/NdefRecord;->writeToByteBuffer(Ljava/nio/ByteBuffer;ZZ)V,lo-prio,max-target-o
Landroid/nfc/NdefRecord;->writeToParcel(Landroid/os/Parcel;I)V,public-api,sdk,system-api,test-api
Landroid/nfc/NfcActivityManager;-><init>(Landroid/nfc/NfcAdapter;)V,lo-prio,max-target-o
Landroid/nfc/NfcActivityManager;->DBG:Ljava/lang/Boolean;,lo-prio,max-target-o
Landroid/nfc/NfcActivityManager;->TAG:Ljava/lang/String;,lo-prio,max-target-o
Landroid/nfc/NfcActivityManager;->destroyActivityState(Landroid/app/Activity;)V,lo-prio,max-target-o
Landroid/nfc/NfcActivityManager;->disableReaderMode(Landroid/app/Activity;)V,lo-prio,max-target-o
Landroid/nfc/NfcActivityManager;->enableReaderMode(Landroid/app/Activity;Landroid/nfc/NfcAdapter$ReaderCallback;ILandroid/os/Bundle;)V,lo-prio,max-target-o
Landroid/nfc/NfcActivityManager;->mActivities:Ljava/util/List;,lo-prio,max-target-o
Landroid/nfc/NfcActivityManager;->mAdapter:Landroid/nfc/NfcAdapter;,unsupported
Landroid/nfc/NfcActivityManager;->mApps:Ljava/util/List;,lo-prio,max-target-o
Landroid/nfc/NfcActivityManager;->onActivityCreated(Landroid/app/Activity;Landroid/os/Bundle;)V,public-api,sdk,system-api,test-api
Landroid/nfc/NfcActivityManager;->onActivityDestroyed(Landroid/app/Activity;)V,public-api,sdk,system-api,test-api
Landroid/nfc/NfcActivityManager;->onActivityPaused(Landroid/app/Activity;)V,public-api,sdk,system-api,test-api
Landroid/nfc/NfcActivityManager;->onActivityResumed(Landroid/app/Activity;)V,public-api,sdk,system-api,test-api
Landroid/nfc/NfcActivityManager;->onActivitySaveInstanceState(Landroid/app/Activity;Landroid/os/Bundle;)V,public-api,sdk,system-api,test-api
Landroid/nfc/NfcActivityManager;->onActivityStarted(Landroid/app/Activity;)V,public-api,sdk,system-api,test-api
Landroid/nfc/NfcActivityManager;->onActivityStopped(Landroid/app/Activity;)V,public-api,sdk,system-api,test-api
Landroid/nfc/NfcActivityManager;->onTagDiscovered(Landroid/nfc/Tag;)V,lo-prio,max-target-o
Landroid/nfc/NfcActivityManager;->registerApplication(Landroid/app/Application;)V,lo-prio,max-target-o
Landroid/nfc/NfcActivityManager;->requestNfcServiceCallback()V,lo-prio,max-target-o
Landroid/nfc/NfcActivityManager;->setReaderMode(Landroid/os/Binder;ILandroid/os/Bundle;)V,lo-prio,max-target-o
Landroid/nfc/NfcActivityManager;->unregisterApplication(Landroid/app/Application;)V,lo-prio,max-target-o
Landroid/nfc/NfcActivityManager;->verifyNfcPermission()V,lo-prio,max-target-o
Landroid/nfc/NfcActivityState;->activity:Landroid/app/Activity;,unsupported
Landroid/nfc/NfcActivityState;->mListenTech:I,unsupported
Landroid/nfc/NfcActivityState;->mNfcActivityManager:Landroid/nfc/NfcActivityManager;,unsupported
Landroid/nfc/NfcActivityState;->mPollTech:I,unsupported
Landroid/nfc/NfcActivityState;->readerCallback:Landroid/nfc/NfcAdapter$ReaderCallback;,unsupported
Landroid/nfc/NfcActivityState;->readerModeExtras:Landroid/os/Bundle;,unsupported
Landroid/nfc/NfcActivityState;->readerModeFlags:I,unsupported
Landroid/nfc/NfcActivityState;->resumed:Z,unsupported
Landroid/nfc/NfcActivityState;->toString()Ljava/lang/String;,core-platform-api,public-api,sdk,system-api,test-api
Landroid/nfc/NfcActivityState;->token:Landroid/os/Binder;,unsupported
Landroid/nfc/NfcAdapter$1$1;->run()V,core-platform-api,public-api,sdk,system-api,test-api
Landroid/nfc/NfcAdapter$ControllerAlwaysOnListener;->onControllerAlwaysOnChanged(Z)V,sdk,system-api,test-api
Landroid/nfc/NfcAdapter$CreateBeamUrisCallback;->createBeamUris(Landroid/nfc/NfcEvent;)[Landroid/net/Uri;,public-api,sdk,system-api,test-api
Landroid/nfc/NfcAdapter$CreateNdefMessageCallback;->createNdefMessage(Landroid/nfc/NfcEvent;)Landroid/nfc/NdefMessage;,public-api,sdk,system-api,test-api
Landroid/nfc/NfcAdapter$NfcUnlockHandler;->onUnlockAttempted(Landroid/nfc/Tag;)Z,sdk,system-api,test-api
Landroid/nfc/NfcAdapter$NfcVendorNciCallback;->onVendorNciNotification(II[B)V,sdk,system-api,test-api
Landroid/nfc/NfcAdapter$NfcVendorNciCallback;->onVendorNciResponse(II[B)V,sdk,system-api,test-api
Landroid/nfc/NfcAdapter$OnNdefPushCompleteCallback;->onNdefPushComplete(Landroid/nfc/NfcEvent;)V,public-api,sdk,system-api,test-api
Landroid/nfc/NfcAdapter$OnTagRemovedListener;->onTagRemoved()V,public-api,sdk,system-api,test-api
Landroid/nfc/NfcAdapter$ReaderCallback;->onTagDiscovered(Landroid/nfc/Tag;)V,public-api,sdk,system-api,test-api
Landroid/nfc/NfcAdapter;-><init>(Landroid/content/Context;)V,lo-prio,max-target-o
Landroid/nfc/NfcAdapter;->ACTION_ADAPTER_STATE_CHANGED:Ljava/lang/String;,public-api,sdk,system-api,test-api
Landroid/nfc/NfcAdapter;->ACTION_CHANGE_TAG_INTENT_PREFERENCE:Ljava/lang/String;,public-api,sdk,system-api,test-api
Landroid/nfc/NfcAdapter;->ACTION_HANDOVER_TRANSFER_DONE:Ljava/lang/String;,lo-prio,max-target-o
Landroid/nfc/NfcAdapter;->ACTION_HANDOVER_TRANSFER_STARTED:Ljava/lang/String;,lo-prio,max-target-o
Landroid/nfc/NfcAdapter;->ACTION_NDEF_DISCOVERED:Ljava/lang/String;,public-api,sdk,system-api,test-api
Landroid/nfc/NfcAdapter;->ACTION_PREFERRED_PAYMENT_CHANGED:Ljava/lang/String;,public-api,sdk,system-api,test-api
Landroid/nfc/NfcAdapter;->ACTION_REQUIRE_UNLOCK_FOR_NFC:Ljava/lang/String;,sdk,system-api,test-api
Landroid/nfc/NfcAdapter;->ACTION_SHOW_NFC_RESOLVER:Ljava/lang/String;,sdk,system-api,test-api
Landroid/nfc/NfcAdapter;->ACTION_TAG_DISCOVERED:Ljava/lang/String;,public-api,sdk,system-api,test-api
Landroid/nfc/NfcAdapter;->ACTION_TAG_LEFT_FIELD:Ljava/lang/String;,lo-prio,max-target-o
Landroid/nfc/NfcAdapter;->ACTION_TECH_DISCOVERED:Ljava/lang/String;,public-api,sdk,system-api,test-api
Landroid/nfc/NfcAdapter;->ACTION_TRANSACTION_DETECTED:Ljava/lang/String;,public-api,sdk,system-api,test-api
Landroid/nfc/NfcAdapter;->EXTRA_ADAPTER_STATE:Ljava/lang/String;,public-api,sdk,system-api,test-api
Landroid/nfc/NfcAdapter;->EXTRA_AID:Ljava/lang/String;,public-api,sdk,system-api,test-api
Landroid/nfc/NfcAdapter;->EXTRA_DATA:Ljava/lang/String;,public-api,sdk,system-api,test-api
Landroid/nfc/NfcAdapter;->EXTRA_HANDOVER_TRANSFER_STATUS:Ljava/lang/String;,lo-prio,max-target-o
Landroid/nfc/NfcAdapter;->EXTRA_HANDOVER_TRANSFER_URI:Ljava/lang/String;,lo-prio,max-target-o
Landroid/nfc/NfcAdapter;->EXTRA_ID:Ljava/lang/String;,public-api,sdk,system-api,test-api
Landroid/nfc/NfcAdapter;->EXTRA_NDEF_MESSAGES:Ljava/lang/String;,public-api,sdk,system-api,test-api
Landroid/nfc/NfcAdapter;->EXTRA_PREFERRED_PAYMENT_CHANGED_REASON:Ljava/lang/String;,public-api,sdk,system-api,test-api
Landroid/nfc/NfcAdapter;->EXTRA_READER_PRESENCE_CHECK_DELAY:Ljava/lang/String;,public-api,sdk,system-api,test-api
Landroid/nfc/NfcAdapter;->EXTRA_RESOLVE_INFOS:Ljava/lang/String;,sdk,system-api,test-api
Landroid/nfc/NfcAdapter;->EXTRA_SECURE_ELEMENT_NAME:Ljava/lang/String;,public-api,sdk,system-api,test-api
Landroid/nfc/NfcAdapter;->EXTRA_TAG:Ljava/lang/String;,public-api,sdk,system-api,test-api
Landroid/nfc/NfcAdapter;->FLAG_LISTEN_DISABLE:I,public-api,sdk,system-api,test-api
Landroid/nfc/NfcAdapter;->FLAG_LISTEN_KEEP:I,public-api,sdk,system-api,test-api
Landroid/nfc/NfcAdapter;->FLAG_LISTEN_NFC_PASSIVE_A:I,public-api,sdk,system-api,test-api
Landroid/nfc/NfcAdapter;->FLAG_LISTEN_NFC_PASSIVE_B:I,public-api,sdk,system-api,test-api
Landroid/nfc/NfcAdapter;->FLAG_LISTEN_NFC_PASSIVE_F:I,public-api,sdk,system-api,test-api
Landroid/nfc/NfcAdapter;->FLAG_NDEF_PUSH_NO_CONFIRM:I,unsupported
Landroid/nfc/NfcAdapter;->FLAG_READER_DISABLE:I,public-api,sdk,system-api,test-api
Landroid/nfc/NfcAdapter;->FLAG_READER_KEEP:I,public-api,sdk,system-api,test-api
Landroid/nfc/NfcAdapter;->FLAG_READER_NFC_A:I,public-api,sdk,system-api,test-api
Landroid/nfc/NfcAdapter;->FLAG_READER_NFC_B:I,public-api,sdk,system-api,test-api
Landroid/nfc/NfcAdapter;->FLAG_READER_NFC_BARCODE:I,public-api,sdk,system-api,test-api
Landroid/nfc/NfcAdapter;->FLAG_READER_NFC_F:I,public-api,sdk,system-api,test-api
Landroid/nfc/NfcAdapter;->FLAG_READER_NFC_V:I,public-api,sdk,system-api,test-api
Landroid/nfc/NfcAdapter;->FLAG_READER_NO_PLATFORM_SOUNDS:I,public-api,sdk,system-api,test-api
Landroid/nfc/NfcAdapter;->FLAG_READER_SKIP_NDEF_CHECK:I,public-api,sdk,system-api,test-api
Landroid/nfc/NfcAdapter;->FLAG_SET_DEFAULT_TECH:I,sdk,system-api,test-api
Landroid/nfc/NfcAdapter;->HANDOVER_TRANSFER_STATUS_FAILURE:I,lo-prio,max-target-o
Landroid/nfc/NfcAdapter;->HANDOVER_TRANSFER_STATUS_SUCCESS:I,lo-prio,max-target-o
Landroid/nfc/NfcAdapter;->MESSAGE_TYPE_COMMAND:I,sdk,system-api,test-api
Landroid/nfc/NfcAdapter;->PREFERRED_PAYMENT_CHANGED:I,public-api,sdk,system-api,test-api
Landroid/nfc/NfcAdapter;->PREFERRED_PAYMENT_LOADED:I,public-api,sdk,system-api,test-api
Landroid/nfc/NfcAdapter;->PREFERRED_PAYMENT_UPDATED:I,public-api,sdk,system-api,test-api
Landroid/nfc/NfcAdapter;->SEND_VENDOR_NCI_STATUS_FAILED:I,sdk,system-api,test-api
Landroid/nfc/NfcAdapter;->SEND_VENDOR_NCI_STATUS_MESSAGE_CORRUPTED:I,sdk,system-api,test-api
Landroid/nfc/NfcAdapter;->SEND_VENDOR_NCI_STATUS_REJECTED:I,sdk,system-api,test-api
Landroid/nfc/NfcAdapter;->SEND_VENDOR_NCI_STATUS_SUCCESS:I,sdk,system-api,test-api
Landroid/nfc/NfcAdapter;->STATE_OFF:I,public-api,sdk,system-api,test-api
Landroid/nfc/NfcAdapter;->STATE_ON:I,public-api,sdk,system-api,test-api
Landroid/nfc/NfcAdapter;->STATE_TURNING_OFF:I,public-api,sdk,system-api,test-api
Landroid/nfc/NfcAdapter;->STATE_TURNING_ON:I,public-api,sdk,system-api,test-api
Landroid/nfc/NfcAdapter;->TAG:Ljava/lang/String;,lo-prio,max-target-o
Landroid/nfc/NfcAdapter;->TAG_INTENT_APP_PREF_RESULT_PACKAGE_NOT_FOUND:I,sdk,system-api,test-api
Landroid/nfc/NfcAdapter;->TAG_INTENT_APP_PREF_RESULT_SUCCESS:I,sdk,system-api,test-api
Landroid/nfc/NfcAdapter;->TAG_INTENT_APP_PREF_RESULT_UNAVAILABLE:I,sdk,system-api,test-api
Landroid/nfc/NfcAdapter;->addNfcUnlockHandler(Landroid/nfc/NfcAdapter$NfcUnlockHandler;[Ljava/lang/String;)Z,sdk,system-api,test-api
Landroid/nfc/NfcAdapter;->attemptDeadServiceRecovery(Landroid/os/RemoteException;)V,unsupported
Landroid/nfc/NfcAdapter;->disable()Z,public-api,sdk,system-api,test-api
Landroid/nfc/NfcAdapter;->disable(Z)Z,sdk,system-api,test-api
Landroid/nfc/NfcAdapter;->disableForegroundDispatch(Landroid/app/Activity;)V,public-api,sdk,system-api,test-api
Landroid/nfc/NfcAdapter;->disableForegroundNdefPush(Landroid/app/Activity;)V,unsupported
Landroid/nfc/NfcAdapter;->disableNdefPush()Z,unsupported
Landroid/nfc/NfcAdapter;->disableReaderMode(Landroid/app/Activity;)V,public-api,sdk,system-api,test-api
Landroid/nfc/NfcAdapter;->dispatch(Landroid/nfc/Tag;)V,lo-prio,max-target-o
Landroid/nfc/NfcAdapter;->enable()Z,public-api,sdk,system-api,test-api
Landroid/nfc/NfcAdapter;->enableForegroundDispatch(Landroid/app/Activity;Landroid/app/PendingIntent;[Landroid/content/IntentFilter;[[Ljava/lang/String;)V,public-api,sdk,system-api,test-api
Landroid/nfc/NfcAdapter;->enableForegroundNdefPush(Landroid/app/Activity;Landroid/nfc/NdefMessage;)V,unsupported
Landroid/nfc/NfcAdapter;->enableNdefPush()Z,unsupported
Landroid/nfc/NfcAdapter;->enableReaderMode(Landroid/app/Activity;Landroid/nfc/NfcAdapter$ReaderCallback;ILandroid/os/Bundle;)V,public-api,sdk,system-api,test-api
Landroid/nfc/NfcAdapter;->enableReaderOption(Z)Z,sdk,system-api,test-api
Landroid/nfc/NfcAdapter;->enableSecureNfc(Z)Z,sdk,system-api,test-api
Landroid/nfc/NfcAdapter;->enforceResumed(Landroid/app/Activity;)V,lo-prio,max-target-o
Landroid/nfc/NfcAdapter;->getAdapterState()I,sdk,system-api,test-api
Landroid/nfc/NfcAdapter;->getCardEmulationService()Landroid/nfc/INfcCardEmulation;,lo-prio,max-target-o
Landroid/nfc/NfcAdapter;->getContext()Landroid/content/Context;,unsupported
Landroid/nfc/NfcAdapter;->getDefaultAdapter()Landroid/nfc/NfcAdapter;,unsupported
Landroid/nfc/NfcAdapter;->getDefaultAdapter(Landroid/content/Context;)Landroid/nfc/NfcAdapter;,public-api,sdk,system-api,test-api
Landroid/nfc/NfcAdapter;->getNdefNfceeService()Landroid/nfc/IT4tNdefNfcee;,unsupported
Landroid/nfc/NfcAdapter;->getNfcAdapter(Landroid/content/Context;)Landroid/nfc/NfcAdapter;,unsupported
Landroid/nfc/NfcAdapter;->getNfcAdapterExtrasInterface()Landroid/nfc/INfcAdapterExtras;,max-target-r
Landroid/nfc/NfcAdapter;->getNfcAntennaInfo()Landroid/nfc/NfcAntennaInfo;,public-api,sdk,system-api,test-api
Landroid/nfc/NfcAdapter;->getNfcDtaInterface()Landroid/nfc/INfcDta;,lo-prio,max-target-o
Landroid/nfc/NfcAdapter;->getNfcFCardEmulationService()Landroid/nfc/INfcFCardEmulation;,lo-prio,max-target-o
Landroid/nfc/NfcAdapter;->getNfcOemExtension()Landroid/nfc/NfcOemExtension;,sdk,system-api,test-api
Landroid/nfc/NfcAdapter;->getSdkVersion()I,lo-prio,max-target-o
Landroid/nfc/NfcAdapter;->getService()Landroid/nfc/INfcAdapter;,unsupported
Landroid/nfc/NfcAdapter;->getServiceInterface()Landroid/nfc/INfcAdapter;,lo-prio,max-target-o
Landroid/nfc/NfcAdapter;->getTagIntentAppPreferenceForUser(I)Ljava/util/Map;,sdk,system-api,test-api
Landroid/nfc/NfcAdapter;->getTagService()Landroid/nfc/INfcTag;,lo-prio,max-target-o
Landroid/nfc/NfcAdapter;->ignore(Landroid/nfc/Tag;ILandroid/nfc/NfcAdapter$OnTagRemovedListener;Landroid/os/Handler;)Z,public-api,sdk,system-api,test-api
Landroid/nfc/NfcAdapter;->invokeBeam(Landroid/app/Activity;)Z,unsupported
Landroid/nfc/NfcAdapter;->isControllerAlwaysOn()Z,sdk,system-api,test-api
Landroid/nfc/NfcAdapter;->isControllerAlwaysOnSupported()Z,sdk,system-api,test-api
Landroid/nfc/NfcAdapter;->isEnabled()Z,public-api,sdk,system-api,test-api
Landroid/nfc/NfcAdapter;->isExitFramesSupported()Z,public-api,sdk,system-api,test-api
Landroid/nfc/NfcAdapter;->isNdefPushEnabled()Z,unsupported
Landroid/nfc/NfcAdapter;->isObserveModeEnabled()Z,public-api,sdk,system-api,test-api
Landroid/nfc/NfcAdapter;->isObserveModeSupported()Z,public-api,sdk,system-api,test-api
Landroid/nfc/NfcAdapter;->isPowerSavingModeEnabled()Z,public-api,sdk,system-api,test-api
Landroid/nfc/NfcAdapter;->isPowerSavingModeSupported()Z,public-api,sdk,system-api,test-api
Landroid/nfc/NfcAdapter;->isReaderOptionEnabled()Z,public-api,sdk,system-api,test-api
Landroid/nfc/NfcAdapter;->isReaderOptionSupported()Z,public-api,sdk,system-api,test-api
Landroid/nfc/NfcAdapter;->isSecureNfcEnabled()Z,public-api,sdk,system-api,test-api
Landroid/nfc/NfcAdapter;->isSecureNfcSupported()Z,public-api,sdk,system-api,test-api
Landroid/nfc/NfcAdapter;->isTagIntentAllowed()Z,public-api,sdk,system-api,test-api
Landroid/nfc/NfcAdapter;->isTagIntentAppPreferenceSupported()Z,public-api,sdk,system-api,test-api
Landroid/nfc/NfcAdapter;->mContext:Landroid/content/Context;,lo-prio,max-target-o
Landroid/nfc/NfcAdapter;->mLock:Ljava/lang/Object;,lo-prio,max-target-o
Landroid/nfc/NfcAdapter;->mNfcActivityManager:Landroid/nfc/NfcActivityManager;,lo-prio,max-target-o
Landroid/nfc/NfcAdapter;->mNfcUnlockHandlers:Ljava/util/HashMap;,lo-prio,max-target-o
Landroid/nfc/NfcAdapter;->pausePolling(I)V,lo-prio,max-target-o
Landroid/nfc/NfcAdapter;->registerControllerAlwaysOnListener(Ljava/util/concurrent/Executor;Landroid/nfc/NfcAdapter$ControllerAlwaysOnListener;)V,sdk,system-api,test-api
Landroid/nfc/NfcAdapter;->registerNfcVendorNciCallback(Ljava/util/concurrent/Executor;Landroid/nfc/NfcAdapter$NfcVendorNciCallback;)V,sdk,system-api,test-api
Landroid/nfc/NfcAdapter;->removeNfcUnlockHandler(Landroid/nfc/NfcAdapter$NfcUnlockHandler;)Z,sdk,system-api,test-api
Landroid/nfc/NfcAdapter;->resetDiscoveryTechnology(Landroid/app/Activity;)V,public-api,sdk,system-api,test-api
Landroid/nfc/NfcAdapter;->resumePolling()V,lo-prio,max-target-o
Landroid/nfc/NfcAdapter;->sCardEmulationService:Landroid/nfc/INfcCardEmulation;,lo-prio,max-target-o
Landroid/nfc/NfcAdapter;->sHasNfcFeature:Z,lo-prio,max-target-o
Landroid/nfc/NfcAdapter;->sIsInitialized:Z,lo-prio,max-target-o
Landroid/nfc/NfcAdapter;->sNfcAdapters:Ljava/util/HashMap;,lo-prio,max-target-o
Landroid/nfc/NfcAdapter;->sNfcFCardEmulationService:Landroid/nfc/INfcFCardEmulation;,lo-prio,max-target-o
Landroid/nfc/NfcAdapter;->sNullContextNfcAdapter:Landroid/nfc/NfcAdapter;,lo-prio,max-target-o
Landroid/nfc/NfcAdapter;->sService:Landroid/nfc/INfcAdapter;,unsupported
Landroid/nfc/NfcAdapter;->sTagService:Landroid/nfc/INfcTag;,lo-prio,max-target-o
Landroid/nfc/NfcAdapter;->sendVendorNciMessage(III[B)I,sdk,system-api,test-api
Landroid/nfc/NfcAdapter;->setBeamPushUris([Landroid/net/Uri;Landroid/app/Activity;)V,unsupported
Landroid/nfc/NfcAdapter;->setBeamPushUrisCallback(Landroid/nfc/NfcAdapter$CreateBeamUrisCallback;Landroid/app/Activity;)V,unsupported
Landroid/nfc/NfcAdapter;->setControllerAlwaysOn(Z)Z,sdk,system-api,test-api
Landroid/nfc/NfcAdapter;->setDiscoveryTechnology(Landroid/app/Activity;II)V,public-api,sdk,system-api,test-api
Landroid/nfc/NfcAdapter;->setNdefPushMessage(Landroid/nfc/NdefMessage;Landroid/app/Activity;I)V,unsupported
Landroid/nfc/NfcAdapter;->setNdefPushMessage(Landroid/nfc/NdefMessage;Landroid/app/Activity;[Landroid/app/Activity;)V,unsupported
Landroid/nfc/NfcAdapter;->setNdefPushMessageCallback(Landroid/nfc/NfcAdapter$CreateNdefMessageCallback;Landroid/app/Activity;[Landroid/app/Activity;)V,unsupported
Landroid/nfc/NfcAdapter;->setObserveModeEnabled(Z)Z,public-api,sdk,system-api,test-api
Landroid/nfc/NfcAdapter;->setOnNdefPushCompleteCallback(Landroid/nfc/NfcAdapter$OnNdefPushCompleteCallback;Landroid/app/Activity;[Landroid/app/Activity;)V,unsupported
Landroid/nfc/NfcAdapter;->setPowerSavingMode(Z)V,public-api,sdk,system-api,test-api
Landroid/nfc/NfcAdapter;->setReaderModePollingEnabled(Z)V,sdk,system-api,test-api
Landroid/nfc/NfcAdapter;->setTagIntentAppPreferenceForUser(ILjava/lang/String;Z)I,sdk,system-api,test-api
Landroid/nfc/NfcAdapter;->unregisterControllerAlwaysOnListener(Landroid/nfc/NfcAdapter$ControllerAlwaysOnListener;)V,sdk,system-api,test-api
Landroid/nfc/NfcAdapter;->unregisterNfcVendorNciCallback(Landroid/nfc/NfcAdapter$NfcVendorNciCallback;)V,sdk,system-api,test-api
Landroid/nfc/NfcAntennaInfo$1;->createFromParcel(Landroid/os/Parcel;)Ljava/lang/Object;,public-api,sdk,system-api,test-api
Landroid/nfc/NfcAntennaInfo$1;->newArray(I)[Ljava/lang/Object;,public-api,sdk,system-api,test-api
Landroid/nfc/NfcAntennaInfo;-><init>(IIZLjava/util/List;)V,public-api,sdk,system-api,test-api
Landroid/nfc/NfcAntennaInfo;->CREATOR:Landroid/os/Parcelable$Creator;,public-api,sdk,system-api,test-api
Landroid/nfc/NfcAntennaInfo;->describeContents()I,public-api,sdk,system-api,test-api
Landroid/nfc/NfcAntennaInfo;->getAvailableNfcAntennas()Ljava/util/List;,public-api,sdk,system-api,test-api
Landroid/nfc/NfcAntennaInfo;->getDeviceHeight()I,public-api,sdk,system-api,test-api
Landroid/nfc/NfcAntennaInfo;->getDeviceWidth()I,public-api,sdk,system-api,test-api
Landroid/nfc/NfcAntennaInfo;->isDeviceFoldable()Z,public-api,sdk,system-api,test-api
Landroid/nfc/NfcAntennaInfo;->writeToParcel(Landroid/os/Parcel;I)V,public-api,sdk,system-api,test-api
Landroid/nfc/NfcApplicationState;->app:Landroid/app/Application;,unsupported
Landroid/nfc/NfcApplicationState;->nfcActivityManager:Landroid/nfc/NfcActivityManager;,unsupported
Landroid/nfc/NfcApplicationState;->refCount:I,unsupported
Landroid/nfc/NfcControllerAlwaysOnListener$$ExternalSyntheticLambda0;->run()V,core-platform-api,public-api,sdk,system-api,test-api
Landroid/nfc/NfcControllerAlwaysOnListener$1$1;->run()V,core-platform-api,public-api,sdk,system-api,test-api
Landroid/nfc/NfcControllerAlwaysOnListener$1;->binderDied()V,public-api,sdk,system-api,test-api
Landroid/nfc/NfcEvent;-><init>(Landroid/nfc/NfcAdapter;B)V,lo-prio,max-target-o
Landroid/nfc/NfcEvent;->nfcAdapter:Landroid/nfc/NfcAdapter;,public-api,sdk,system-api,test-api
Landroid/nfc/NfcEvent;->peerLlcpMajorVersion:I,public-api,sdk,system-api,test-api
Landroid/nfc/NfcEvent;->peerLlcpMinorVersion:I,public-api,sdk,system-api,test-api
Landroid/nfc/NfcFrameworkInitializer$$ExternalSyntheticLambda0;->createService(Landroid/content/Context;)Ljava/lang/Object;,sdk,system-api,test-api
Landroid/nfc/NfcManager;-><init>(Landroid/content/Context;)V,max-target-p
Landroid/nfc/NfcManager;->getDefaultAdapter()Landroid/nfc/NfcAdapter;,public-api,sdk,system-api,test-api
Landroid/nfc/NfcManager;->mAdapter:Landroid/nfc/NfcAdapter;,lo-prio,max-target-o
Landroid/nfc/NfcOemExtension$$ExternalSyntheticLambda14;->run()V,core-platform-api,public-api,sdk,system-api,test-api
Landroid/nfc/NfcOemExtension$1$1;->run()V,core-platform-api,public-api,sdk,system-api,test-api
Landroid/nfc/NfcOemExtension$1;->binderDied()V,public-api,sdk,system-api,test-api
Landroid/nfc/NfcOemExtension$Callback;->onApplyRouting(Ljava/util/function/Consumer;)V,sdk,system-api,test-api
Landroid/nfc/NfcOemExtension$Callback;->onBootFinished(I)V,sdk,system-api,test-api
Landroid/nfc/NfcOemExtension$Callback;->onBootStarted()V,sdk,system-api,test-api
Landroid/nfc/NfcOemExtension$Callback;->onCardEmulationActivated(Z)V,sdk,system-api,test-api
Landroid/nfc/NfcOemExtension$Callback;->onDisableFinished(I)V,sdk,system-api,test-api
Landroid/nfc/NfcOemExtension$Callback;->onDisableRequested(Ljava/util/function/Consumer;)V,sdk,system-api,test-api
Landroid/nfc/NfcOemExtension$Callback;->onDisableStarted()V,sdk,system-api,test-api
Landroid/nfc/NfcOemExtension$Callback;->onEeListenActivated(Z)V,sdk,system-api,test-api
Landroid/nfc/NfcOemExtension$Callback;->onEeUpdated()V,sdk,system-api,test-api
Landroid/nfc/NfcOemExtension$Callback;->onEnableFinished(I)V,sdk,system-api,test-api
Landroid/nfc/NfcOemExtension$Callback;->onEnableRequested(Ljava/util/function/Consumer;)V,sdk,system-api,test-api
Landroid/nfc/NfcOemExtension$Callback;->onEnableStarted()V,sdk,system-api,test-api
Landroid/nfc/NfcOemExtension$Callback;->onExtractOemPackages(Landroid/nfc/NdefMessage;Ljava/util/function/Consumer;)V,sdk,system-api,test-api
Landroid/nfc/NfcOemExtension$Callback;->onGetOemAppSearchIntent(Ljava/util/List;Ljava/util/function/Consumer;)V,sdk,system-api,test-api
Landroid/nfc/NfcOemExtension$Callback;->onHceEventReceived(I)V,sdk,system-api,test-api
Landroid/nfc/NfcOemExtension$Callback;->onLaunchHceAppChooserActivity(Ljava/lang/String;Ljava/util/List;Landroid/content/ComponentName;Ljava/lang/String;)V,sdk,system-api,test-api
Landroid/nfc/NfcOemExtension$Callback;->onLaunchHceTapAgainDialog(Landroid/nfc/cardemulation/ApduServiceInfo;Ljava/lang/String;)V,sdk,system-api,test-api
Landroid/nfc/NfcOemExtension$Callback;->onLogEventNotified(Landroid/nfc/OemLogItems;)V,sdk,system-api,test-api
Landroid/nfc/NfcOemExtension$Callback;->onNdefMessage(Landroid/nfc/Tag;Landroid/nfc/NdefMessage;Ljava/util/function/Consumer;)V,sdk,system-api,test-api
Landroid/nfc/NfcOemExtension$Callback;->onNdefRead(Ljava/util/function/Consumer;)V,sdk,system-api,test-api
Landroid/nfc/NfcOemExtension$Callback;->onReaderOptionChanged(Z)V,sdk,system-api,test-api
Landroid/nfc/NfcOemExtension$Callback;->onRfDiscoveryStarted(Z)V,sdk,system-api,test-api
Landroid/nfc/NfcOemExtension$Callback;->onRfFieldDetected(Z)V,sdk,system-api,test-api
Landroid/nfc/NfcOemExtension$Callback;->onRoutingChangeCompleted()V,sdk,system-api,test-api
Landroid/nfc/NfcOemExtension$Callback;->onRoutingChanged(Ljava/util/function/Consumer;)V,sdk,system-api,test-api
Landroid/nfc/NfcOemExtension$Callback;->onRoutingTableFull()V,sdk,system-api,test-api
Landroid/nfc/NfcOemExtension$Callback;->onStateUpdated(I)V,sdk,system-api,test-api
Landroid/nfc/NfcOemExtension$Callback;->onTagConnected(Z)V,sdk,system-api,test-api
Landroid/nfc/NfcOemExtension$Callback;->onTagDispatch(Ljava/util/function/Consumer;)V,sdk,system-api,test-api
Landroid/nfc/NfcOemExtension$NfcOemExtensionCallback$$ExternalSyntheticLambda0;->accept(Ljava/lang/Object;)V,core-platform-api,public-api,sdk,system-api,test-api
Landroid/nfc/NfcOemExtension$NfcOemExtensionCallback$$ExternalSyntheticLambda10;->accept(Ljava/lang/Object;)V,core-platform-api,public-api,sdk,system-api,test-api
Landroid/nfc/NfcOemExtension$NfcOemExtensionCallback$$ExternalSyntheticLambda11;->run()V,core-platform-api,public-api,sdk,system-api,test-api
Landroid/nfc/NfcOemExtension$NfcOemExtensionCallback$$ExternalSyntheticLambda12;->accept(Ljava/lang/Object;Ljava/lang/Object;)V,core-platform-api,public-api,sdk,system-api,test-api
Landroid/nfc/NfcOemExtension$NfcOemExtensionCallback$$ExternalSyntheticLambda13;->accept(Ljava/lang/Object;Ljava/lang/Object;)V,core-platform-api,public-api,sdk,system-api,test-api
Landroid/nfc/NfcOemExtension$NfcOemExtensionCallback$$ExternalSyntheticLambda14;->accept(Ljava/lang/Object;Ljava/lang/Object;)V,core-platform-api,public-api,sdk,system-api,test-api
Landroid/nfc/NfcOemExtension$NfcOemExtensionCallback$$ExternalSyntheticLambda15;->accept(Ljava/lang/Object;Ljava/lang/Object;)V,core-platform-api,public-api,sdk,system-api,test-api
Landroid/nfc/NfcOemExtension$NfcOemExtensionCallback$$ExternalSyntheticLambda16;->accept(Ljava/lang/Object;Ljava/lang/Object;)V,core-platform-api,public-api,sdk,system-api,test-api
Landroid/nfc/NfcOemExtension$NfcOemExtensionCallback$$ExternalSyntheticLambda17;->accept(Ljava/lang/Object;)V,core-platform-api,public-api,sdk,system-api,test-api
Landroid/nfc/NfcOemExtension$NfcOemExtensionCallback$$ExternalSyntheticLambda18;->accept(Ljava/lang/Object;Ljava/lang/Object;)V,core-platform-api,public-api,sdk,system-api,test-api
Landroid/nfc/NfcOemExtension$NfcOemExtensionCallback$$ExternalSyntheticLambda19;->call()Ljava/lang/Object;,core-platform-api,public-api,sdk,system-api,test-api
Landroid/nfc/NfcOemExtension$NfcOemExtensionCallback$$ExternalSyntheticLambda1;->run()V,core-platform-api,public-api,sdk,system-api,test-api
Landroid/nfc/NfcOemExtension$NfcOemExtensionCallback$$ExternalSyntheticLambda20;->accept(Ljava/lang/Object;)V,core-platform-api,public-api,sdk,system-api,test-api
Landroid/nfc/NfcOemExtension$NfcOemExtensionCallback$$ExternalSyntheticLambda21;->accept(Ljava/lang/Object;Ljava/lang/Object;)V,core-platform-api,public-api,sdk,system-api,test-api
Landroid/nfc/NfcOemExtension$NfcOemExtensionCallback$$ExternalSyntheticLambda22;->accept(Ljava/lang/Object;)V,core-platform-api,public-api,sdk,system-api,test-api
Landroid/nfc/NfcOemExtension$NfcOemExtensionCallback$$ExternalSyntheticLambda23;->accept(Ljava/lang/Object;)V,core-platform-api,public-api,sdk,system-api,test-api
Landroid/nfc/NfcOemExtension$NfcOemExtensionCallback$$ExternalSyntheticLambda24;->accept(Ljava/lang/Object;Ljava/lang/Object;)V,core-platform-api,public-api,sdk,system-api,test-api
Landroid/nfc/NfcOemExtension$NfcOemExtensionCallback$$ExternalSyntheticLambda25;->accept(Ljava/lang/Object;Ljava/lang/Object;)V,core-platform-api,public-api,sdk,system-api,test-api
Landroid/nfc/NfcOemExtension$NfcOemExtensionCallback$$ExternalSyntheticLambda26;->accept(Ljava/lang/Object;Ljava/lang/Object;)V,core-platform-api,public-api,sdk,system-api,test-api
Landroid/nfc/NfcOemExtension$NfcOemExtensionCallback$$ExternalSyntheticLambda27;->run()V,core-platform-api,public-api,sdk,system-api,test-api
Landroid/nfc/NfcOemExtension$NfcOemExtensionCallback$$ExternalSyntheticLambda28;->accept(Ljava/lang/Object;)V,core-platform-api,public-api,sdk,system-api,test-api
Landroid/nfc/NfcOemExtension$NfcOemExtensionCallback$$ExternalSyntheticLambda29;->accept(Ljava/lang/Object;Ljava/lang/Object;)V,core-platform-api,public-api,sdk,system-api,test-api
Landroid/nfc/NfcOemExtension$NfcOemExtensionCallback$$ExternalSyntheticLambda2;->accept(Ljava/lang/Object;Ljava/lang/Object;)V,core-platform-api,public-api,sdk,system-api,test-api
Landroid/nfc/NfcOemExtension$NfcOemExtensionCallback$$ExternalSyntheticLambda30;->accept(Ljava/lang/Object;Ljava/lang/Object;)V,core-platform-api,public-api,sdk,system-api,test-api
Landroid/nfc/NfcOemExtension$NfcOemExtensionCallback$$ExternalSyntheticLambda31;->accept(Ljava/lang/Object;Ljava/lang/Object;)V,core-platform-api,public-api,sdk,system-api,test-api
Landroid/nfc/NfcOemExtension$NfcOemExtensionCallback$$ExternalSyntheticLambda32;->run()V,core-platform-api,public-api,sdk,system-api,test-api
Landroid/nfc/NfcOemExtension$NfcOemExtensionCallback$$ExternalSyntheticLambda33;->accept(Ljava/lang/Object;)V,core-platform-api,public-api,sdk,system-api,test-api
Landroid/nfc/NfcOemExtension$NfcOemExtensionCallback$$ExternalSyntheticLambda34;->accept(Ljava/lang/Object;Ljava/lang/Object;)V,core-platform-api,public-api,sdk,system-api,test-api
Landroid/nfc/NfcOemExtension$NfcOemExtensionCallback$$ExternalSyntheticLambda35;->accept(Ljava/lang/Object;Ljava/lang/Object;)V,core-platform-api,public-api,sdk,system-api,test-api
Landroid/nfc/NfcOemExtension$NfcOemExtensionCallback$$ExternalSyntheticLambda36;->accept(Ljava/lang/Object;Ljava/lang/Object;)V,core-platform-api,public-api,sdk,system-api,test-api
Landroid/nfc/NfcOemExtension$NfcOemExtensionCallback$$ExternalSyntheticLambda37;->accept(Ljava/lang/Object;)V,core-platform-api,public-api,sdk,system-api,test-api
Landroid/nfc/NfcOemExtension$NfcOemExtensionCallback$$ExternalSyntheticLambda38;->accept(Ljava/lang/Object;)V,core-platform-api,public-api,sdk,system-api,test-api
Landroid/nfc/NfcOemExtension$NfcOemExtensionCallback$$ExternalSyntheticLambda39;->accept(Ljava/lang/Object;)V,core-platform-api,public-api,sdk,system-api,test-api
Landroid/nfc/NfcOemExtension$NfcOemExtensionCallback$$ExternalSyntheticLambda3;->run()V,core-platform-api,public-api,sdk,system-api,test-api
Landroid/nfc/NfcOemExtension$NfcOemExtensionCallback$$ExternalSyntheticLambda40;->accept(Ljava/lang/Object;)V,core-platform-api,public-api,sdk,system-api,test-api
Landroid/nfc/NfcOemExtension$NfcOemExtensionCallback$$ExternalSyntheticLambda41;->accept(Ljava/lang/Object;)V,core-platform-api,public-api,sdk,system-api,test-api
Landroid/nfc/NfcOemExtension$NfcOemExtensionCallback$$ExternalSyntheticLambda42;->accept(Ljava/lang/Object;)V,core-platform-api,public-api,sdk,system-api,test-api
Landroid/nfc/NfcOemExtension$NfcOemExtensionCallback$$ExternalSyntheticLambda43;->accept(Ljava/lang/Object;)V,core-platform-api,public-api,sdk,system-api,test-api
Landroid/nfc/NfcOemExtension$NfcOemExtensionCallback$$ExternalSyntheticLambda44;->accept(Ljava/lang/Object;Ljava/lang/Object;)V,core-platform-api,public-api,sdk,system-api,test-api
Landroid/nfc/NfcOemExtension$NfcOemExtensionCallback$$ExternalSyntheticLambda45;->accept(Ljava/lang/Object;Ljava/lang/Object;)V,core-platform-api,public-api,sdk,system-api,test-api
Landroid/nfc/NfcOemExtension$NfcOemExtensionCallback$$ExternalSyntheticLambda46;->accept(Ljava/lang/Object;)V,core-platform-api,public-api,sdk,system-api,test-api
Landroid/nfc/NfcOemExtension$NfcOemExtensionCallback$$ExternalSyntheticLambda47;->accept(Ljava/lang/Object;Ljava/lang/Object;)V,core-platform-api,public-api,sdk,system-api,test-api
Landroid/nfc/NfcOemExtension$NfcOemExtensionCallback$$ExternalSyntheticLambda48;->accept(Ljava/lang/Object;Ljava/lang/Object;)V,core-platform-api,public-api,sdk,system-api,test-api
Landroid/nfc/NfcOemExtension$NfcOemExtensionCallback$$ExternalSyntheticLambda49;->accept(Ljava/lang/Object;Ljava/lang/Object;)V,core-platform-api,public-api,sdk,system-api,test-api
Landroid/nfc/NfcOemExtension$NfcOemExtensionCallback$$ExternalSyntheticLambda4;->call()Ljava/lang/Object;,core-platform-api,public-api,sdk,system-api,test-api
Landroid/nfc/NfcOemExtension$NfcOemExtensionCallback$$ExternalSyntheticLambda50;->accept(Ljava/lang/Object;Ljava/lang/Object;)V,core-platform-api,public-api,sdk,system-api,test-api
Landroid/nfc/NfcOemExtension$NfcOemExtensionCallback$$ExternalSyntheticLambda51;->accept(Ljava/lang/Object;Ljava/lang/Object;)V,core-platform-api,public-api,sdk,system-api,test-api
Landroid/nfc/NfcOemExtension$NfcOemExtensionCallback$$ExternalSyntheticLambda52;->accept(Ljava/lang/Object;Ljava/lang/Object;)V,core-platform-api,public-api,sdk,system-api,test-api
Landroid/nfc/NfcOemExtension$NfcOemExtensionCallback$$ExternalSyntheticLambda53;->accept(Ljava/lang/Object;)V,core-platform-api,public-api,sdk,system-api,test-api
Landroid/nfc/NfcOemExtension$NfcOemExtensionCallback$$ExternalSyntheticLambda54;->accept(Ljava/lang/Object;)V,core-platform-api,public-api,sdk,system-api,test-api
Landroid/nfc/NfcOemExtension$NfcOemExtensionCallback$$ExternalSyntheticLambda55;->accept(Ljava/lang/Object;Ljava/lang/Object;)V,core-platform-api,public-api,sdk,system-api,test-api
Landroid/nfc/NfcOemExtension$NfcOemExtensionCallback$$ExternalSyntheticLambda56;->accept(Ljava/lang/Object;)V,core-platform-api,public-api,sdk,system-api,test-api
Landroid/nfc/NfcOemExtension$NfcOemExtensionCallback$$ExternalSyntheticLambda57;->accept(Ljava/lang/Object;)V,core-platform-api,public-api,sdk,system-api,test-api
Landroid/nfc/NfcOemExtension$NfcOemExtensionCallback$$ExternalSyntheticLambda58;->accept(Ljava/lang/Object;Ljava/lang/Object;)V,core-platform-api,public-api,sdk,system-api,test-api
Landroid/nfc/NfcOemExtension$NfcOemExtensionCallback$$ExternalSyntheticLambda59;->accept(Ljava/lang/Object;Ljava/lang/Object;)V,core-platform-api,public-api,sdk,system-api,test-api
Landroid/nfc/NfcOemExtension$NfcOemExtensionCallback$$ExternalSyntheticLambda5;->accept(Ljava/lang/Object;Ljava/lang/Object;)V,core-platform-api,public-api,sdk,system-api,test-api
Landroid/nfc/NfcOemExtension$NfcOemExtensionCallback$$ExternalSyntheticLambda60;->accept(Ljava/lang/Object;)V,core-platform-api,public-api,sdk,system-api,test-api
Landroid/nfc/NfcOemExtension$NfcOemExtensionCallback$$ExternalSyntheticLambda61;->accept(Ljava/lang/Object;)V,core-platform-api,public-api,sdk,system-api,test-api
Landroid/nfc/NfcOemExtension$NfcOemExtensionCallback$$ExternalSyntheticLambda6;->accept(Ljava/lang/Object;Ljava/lang/Object;)V,core-platform-api,public-api,sdk,system-api,test-api
Landroid/nfc/NfcOemExtension$NfcOemExtensionCallback$$ExternalSyntheticLambda7;->accept(Ljava/lang/Object;Ljava/lang/Object;)V,core-platform-api,public-api,sdk,system-api,test-api
Landroid/nfc/NfcOemExtension$NfcOemExtensionCallback$$ExternalSyntheticLambda8;->accept(Ljava/lang/Object;)V,core-platform-api,public-api,sdk,system-api,test-api
Landroid/nfc/NfcOemExtension$NfcOemExtensionCallback$$ExternalSyntheticLambda9;->accept(Ljava/lang/Object;)V,core-platform-api,public-api,sdk,system-api,test-api
Landroid/nfc/NfcOemExtension$ReceiverWrapper$$ExternalSyntheticLambda0;->test(Ljava/lang/Object;)Z,core-platform-api,public-api,sdk,system-api,test-api
Landroid/nfc/NfcOemExtension$ReceiverWrapper$$ExternalSyntheticLambda1;->apply(Ljava/lang/Object;)Ljava/lang/Object;,core-platform-api,public-api,sdk,system-api,test-api
Landroid/nfc/NfcOemExtension$ReceiverWrapper$$ExternalSyntheticLambda2;->apply(I)Ljava/lang/Object;,core-platform-api,public-api,sdk,system-api,test-api
Landroid/nfc/NfcOemExtension$ReceiverWrapper;->accept(Ljava/lang/Object;)V,core-platform-api,public-api,sdk,system-api,test-api
Landroid/nfc/NfcOemExtension$ReceiverWrapper;->andThen(Ljava/util/function/Consumer;)Ljava/util/function/Consumer;,core-platform-api,public-api,sdk,system-api,test-api
Landroid/nfc/NfcOemExtension;->COMMIT_ROUTING_STATUS_FAILED:I,sdk,system-api,test-api
Landroid/nfc/NfcOemExtension;->COMMIT_ROUTING_STATUS_FAILED_UPDATE_IN_PROGRESS:I,sdk,system-api,test-api
Landroid/nfc/NfcOemExtension;->COMMIT_ROUTING_STATUS_OK:I,sdk,system-api,test-api
Landroid/nfc/NfcOemExtension;->DISABLE:I,sdk,system-api,test-api
Landroid/nfc/NfcOemExtension;->EMULATE_NFC_A_TAG_STATUS_FAILED_INTERNAL:I,sdk,system-api,test-api
Landroid/nfc/NfcOemExtension;->EMULATE_NFC_A_TAG_STATUS_FAILED_NFC_NOT_ENABLED:I,sdk,system-api,test-api
Landroid/nfc/NfcOemExtension;->EMULATE_NFC_A_TAG_STATUS_OK:I,sdk,system-api,test-api
Landroid/nfc/NfcOemExtension;->ENABLE_DEFAULT:I,sdk,system-api,test-api
Landroid/nfc/NfcOemExtension;->ENABLE_EE:I,sdk,system-api,test-api
Landroid/nfc/NfcOemExtension;->ENABLE_TRANSPARENT:I,sdk,system-api,test-api
Landroid/nfc/NfcOemExtension;->HCE_ACTIVATE:I,sdk,system-api,test-api
Landroid/nfc/NfcOemExtension;->HCE_DATA_TRANSFERRED:I,sdk,system-api,test-api
Landroid/nfc/NfcOemExtension;->HCE_DEACTIVATE:I,sdk,system-api,test-api
Landroid/nfc/NfcOemExtension;->NFCEE_TECH_A:I,sdk,system-api,test-api
Landroid/nfc/NfcOemExtension;->NFCEE_TECH_B:I,sdk,system-api,test-api
Landroid/nfc/NfcOemExtension;->NFCEE_TECH_F:I,sdk,system-api,test-api
Landroid/nfc/NfcOemExtension;->NFCEE_TECH_NONE:I,sdk,system-api,test-api
Landroid/nfc/NfcOemExtension;->POLLING_STATE_CHANGE_ALREADY_IN_REQUESTED_STATE:I,sdk,system-api,test-api
Landroid/nfc/NfcOemExtension;->POLLING_STATE_CHANGE_SUCCEEDED:I,sdk,system-api,test-api
Landroid/nfc/NfcOemExtension;->STATUS_OK:I,sdk,system-api,test-api
Landroid/nfc/NfcOemExtension;->STATUS_UNKNOWN_ERROR:I,sdk,system-api,test-api
Landroid/nfc/NfcOemExtension;->clearPreference()V,sdk,system-api,test-api
Landroid/nfc/NfcOemExtension;->emulateNfcTechnologyATag(ZBBB[BB[B)I,sdk,system-api,test-api
Landroid/nfc/NfcOemExtension;->forceRoutingTableCommit()I,sdk,system-api,test-api
Landroid/nfc/NfcOemExtension;->getActiveNfceeList()Ljava/util/Map;,sdk,system-api,test-api
Landroid/nfc/NfcOemExtension;->getMaxPausePollingTimeoutMills()J,sdk,system-api,test-api
Landroid/nfc/NfcOemExtension;->getRoutingStatus()Landroid/nfc/RoutingStatus;,sdk,system-api,test-api
Landroid/nfc/NfcOemExtension;->getRoutingTable()Ljava/util/List;,sdk,system-api,test-api
Landroid/nfc/NfcOemExtension;->getT4tNdefNfcee()Landroid/nfc/T4tNdefNfcee;,sdk,system-api,test-api
Landroid/nfc/NfcOemExtension;->hasUserEnabledNfc()Z,sdk,system-api,test-api
Landroid/nfc/NfcOemExtension;->isAutoChangeEnabled()Z,sdk,system-api,test-api
Landroid/nfc/NfcOemExtension;->isTagPresent()Z,sdk,system-api,test-api
Landroid/nfc/NfcOemExtension;->maybeTriggerFirmwareUpdate()V,sdk,system-api,test-api
Landroid/nfc/NfcOemExtension;->overwriteRoutingTable(IIII)V,sdk,system-api,test-api
Landroid/nfc/NfcOemExtension;->overwriteRoutingTable(IIIII)V,sdk,system-api,test-api
Landroid/nfc/NfcOemExtension;->pausePolling(J)I,sdk,system-api,test-api
Landroid/nfc/NfcOemExtension;->registerCallback(Ljava/util/concurrent/Executor;Landroid/nfc/NfcOemExtension$Callback;)V,sdk,system-api,test-api
Landroid/nfc/NfcOemExtension;->resumePolling()I,sdk,system-api,test-api
Landroid/nfc/NfcOemExtension;->setAutoChangeEnabled(Z)V,sdk,system-api,test-api
Landroid/nfc/NfcOemExtension;->setControllerAlwaysOnMode(I)V,sdk,system-api,test-api
Landroid/nfc/NfcOemExtension;->synchronizeScreenState()V,sdk,system-api,test-api
Landroid/nfc/NfcOemExtension;->triggerInitialization()V,sdk,system-api,test-api
Landroid/nfc/NfcOemExtension;->unregisterCallback(Landroid/nfc/NfcOemExtension$Callback;)V,sdk,system-api,test-api
Landroid/nfc/NfcRoutingTableEntry;->TYPE_AID:I,sdk,system-api,test-api
Landroid/nfc/NfcRoutingTableEntry;->TYPE_PROTOCOL:I,sdk,system-api,test-api
Landroid/nfc/NfcRoutingTableEntry;->TYPE_SYSTEM_CODE:I,sdk,system-api,test-api
Landroid/nfc/NfcRoutingTableEntry;->TYPE_TECHNOLOGY:I,sdk,system-api,test-api
Landroid/nfc/NfcRoutingTableEntry;->getNfceeId()I,sdk,system-api,test-api
Landroid/nfc/NfcRoutingTableEntry;->getRouteType()I,sdk,system-api,test-api
Landroid/nfc/NfcRoutingTableEntry;->getType()I,sdk,system-api,test-api
Landroid/nfc/NfcVendorNciCallbackListener$$ExternalSyntheticLambda0;->run()V,core-platform-api,public-api,sdk,system-api,test-api
Landroid/nfc/NfcVendorNciCallbackListener$$ExternalSyntheticLambda1;->run()V,core-platform-api,public-api,sdk,system-api,test-api
Landroid/nfc/NfcVendorNciCallbackListener$1$1;->run()V,core-platform-api,public-api,sdk,system-api,test-api
Landroid/nfc/NfcVendorNciCallbackListener$1;->binderDied()V,public-api,sdk,system-api,test-api
Landroid/nfc/NfcWlcStateListener$$ExternalSyntheticLambda0;->run()V,core-platform-api,public-api,sdk,system-api,test-api
Landroid/nfc/OemLogItems$1;->createFromParcel(Landroid/os/Parcel;)Ljava/lang/Object;,public-api,sdk,system-api,test-api
Landroid/nfc/OemLogItems$1;->newArray(I)[Ljava/lang/Object;,public-api,sdk,system-api,test-api
Landroid/nfc/OemLogItems;->CREATOR:Landroid/os/Parcelable$Creator;,sdk,system-api,test-api
Landroid/nfc/OemLogItems;->EVENT_DISABLE:I,sdk,system-api,test-api
Landroid/nfc/OemLogItems;->EVENT_ENABLE:I,sdk,system-api,test-api
Landroid/nfc/OemLogItems;->EVENT_UNSET:I,sdk,system-api,test-api
Landroid/nfc/OemLogItems;->LOG_ACTION_HCE_DATA:I,sdk,system-api,test-api
Landroid/nfc/OemLogItems;->LOG_ACTION_NFC_TOGGLE:I,sdk,system-api,test-api
Landroid/nfc/OemLogItems;->LOG_ACTION_RF_FIELD_STATE_CHANGED:I,sdk,system-api,test-api
Landroid/nfc/OemLogItems;->LOG_ACTION_SCREEN_STATE_CHANGED:I,sdk,system-api,test-api
Landroid/nfc/OemLogItems;->LOG_ACTION_TAG_DETECTED:I,sdk,system-api,test-api
Landroid/nfc/OemLogItems;->describeContents()I,public-api,sdk,system-api,test-api
Landroid/nfc/OemLogItems;->getAction()I,sdk,system-api,test-api
Landroid/nfc/OemLogItems;->getCallingPid()I,sdk,system-api,test-api
Landroid/nfc/OemLogItems;->getCommandApdu()[B,sdk,system-api,test-api
Landroid/nfc/OemLogItems;->getEvent()I,sdk,system-api,test-api
Landroid/nfc/OemLogItems;->getResponseApdu()[B,sdk,system-api,test-api
Landroid/nfc/OemLogItems;->getRfFieldEventTimeMillis()Ljava/time/Instant;,sdk,system-api,test-api
Landroid/nfc/OemLogItems;->getTag()Landroid/nfc/Tag;,sdk,system-api,test-api
Landroid/nfc/OemLogItems;->toString()Ljava/lang/String;,core-platform-api,public-api,sdk,system-api,test-api
Landroid/nfc/OemLogItems;->writeToParcel(Landroid/os/Parcel;I)V,public-api,sdk,system-api,test-api
Landroid/nfc/PackageAndUser;->equals(Ljava/lang/Object;)Z,core-platform-api,public-api,sdk,system-api,test-api
Landroid/nfc/PackageAndUser;->hashCode()I,core-platform-api,public-api,sdk,system-api,test-api
Landroid/nfc/PackageAndUser;->toString()Ljava/lang/String;,core-platform-api,public-api,sdk,system-api,test-api
Landroid/nfc/RoutingStatus;->getDefaultFelicaRoute()I,sdk,system-api,test-api
Landroid/nfc/RoutingStatus;->getDefaultIsoDepRoute()I,sdk,system-api,test-api
Landroid/nfc/RoutingStatus;->getDefaultOffHostRoute()I,sdk,system-api,test-api
Landroid/nfc/RoutingStatus;->getDefaultRoute()I,sdk,system-api,test-api
Landroid/nfc/RoutingTableAidEntry;->getAid()Ljava/lang/String;,sdk,system-api,test-api
Landroid/nfc/RoutingTableProtocolEntry;->PROTOCOL_ISO_DEP:I,sdk,system-api,test-api
Landroid/nfc/RoutingTableProtocolEntry;->PROTOCOL_NDEF:I,sdk,system-api,test-api
Landroid/nfc/RoutingTableProtocolEntry;->PROTOCOL_NFC_DEP:I,sdk,system-api,test-api
Landroid/nfc/RoutingTableProtocolEntry;->PROTOCOL_T1T:I,sdk,system-api,test-api
Landroid/nfc/RoutingTableProtocolEntry;->PROTOCOL_T2T:I,sdk,system-api,test-api
Landroid/nfc/RoutingTableProtocolEntry;->PROTOCOL_T3T:I,sdk,system-api,test-api
Landroid/nfc/RoutingTableProtocolEntry;->PROTOCOL_T5T:I,sdk,system-api,test-api
Landroid/nfc/RoutingTableProtocolEntry;->PROTOCOL_UNDETERMINED:I,sdk,system-api,test-api
Landroid/nfc/RoutingTableProtocolEntry;->PROTOCOL_UNSUPPORTED:I,sdk,system-api,test-api
Landroid/nfc/RoutingTableProtocolEntry;->getProtocol()I,sdk,system-api,test-api
Landroid/nfc/RoutingTableSystemCodeEntry;->getSystemCode()[B,sdk,system-api,test-api
Landroid/nfc/RoutingTableTechnologyEntry;->TECHNOLOGY_A:I,sdk,system-api,test-api
Landroid/nfc/RoutingTableTechnologyEntry;->TECHNOLOGY_B:I,sdk,system-api,test-api
Landroid/nfc/RoutingTableTechnologyEntry;->TECHNOLOGY_F:I,sdk,system-api,test-api
Landroid/nfc/RoutingTableTechnologyEntry;->TECHNOLOGY_UNSUPPORTED:I,sdk,system-api,test-api
Landroid/nfc/RoutingTableTechnologyEntry;->TECHNOLOGY_V:I,sdk,system-api,test-api
Landroid/nfc/RoutingTableTechnologyEntry;->getTechnology()I,sdk,system-api,test-api
Landroid/nfc/T4tNdefNfcee;->CLEAR_DATA_FAILED_DEVICE_BUSY:I,sdk,system-api,test-api
Landroid/nfc/T4tNdefNfcee;->CLEAR_DATA_FAILED_INTERNAL:I,sdk,system-api,test-api
Landroid/nfc/T4tNdefNfcee;->CLEAR_DATA_SUCCESS:I,sdk,system-api,test-api
Landroid/nfc/T4tNdefNfcee;->WRITE_DATA_ERROR_CONNECTION_FAILED:I,sdk,system-api,test-api
Landroid/nfc/T4tNdefNfcee;->WRITE_DATA_ERROR_DEVICE_BUSY:I,sdk,system-api,test-api
Landroid/nfc/T4tNdefNfcee;->WRITE_DATA_ERROR_EMPTY_PAYLOAD:I,sdk,system-api,test-api
Landroid/nfc/T4tNdefNfcee;->WRITE_DATA_ERROR_INTERNAL:I,sdk,system-api,test-api
Landroid/nfc/T4tNdefNfcee;->WRITE_DATA_ERROR_INVALID_FILE_ID:I,sdk,system-api,test-api
Landroid/nfc/T4tNdefNfcee;->WRITE_DATA_ERROR_INVALID_LENGTH:I,sdk,system-api,test-api
Landroid/nfc/T4tNdefNfcee;->WRITE_DATA_ERROR_NDEF_VALIDATION_FAILED:I,sdk,system-api,test-api
Landroid/nfc/T4tNdefNfcee;->WRITE_DATA_ERROR_NFC_NOT_ON:I,sdk,system-api,test-api
Landroid/nfc/T4tNdefNfcee;->WRITE_DATA_ERROR_RF_ACTIVATED:I,sdk,system-api,test-api
Landroid/nfc/T4tNdefNfcee;->WRITE_DATA_SUCCESS:I,sdk,system-api,test-api
Landroid/nfc/T4tNdefNfcee;->clearData()I,sdk,system-api,test-api
Landroid/nfc/T4tNdefNfcee;->isOperationOngoing()Z,sdk,system-api,test-api
Landroid/nfc/T4tNdefNfcee;->isSupported()Z,sdk,system-api,test-api
Landroid/nfc/T4tNdefNfcee;->readCcfile()Landroid/nfc/T4tNdefNfceeCcFileInfo;,sdk,system-api,test-api
Landroid/nfc/T4tNdefNfcee;->readData(I)[B,sdk,system-api,test-api
Landroid/nfc/T4tNdefNfcee;->writeData(I[B)I,sdk,system-api,test-api
Landroid/nfc/T4tNdefNfceeCcFileInfo$1;->createFromParcel(Landroid/os/Parcel;)Ljava/lang/Object;,public-api,sdk,system-api,test-api
Landroid/nfc/T4tNdefNfceeCcFileInfo$1;->newArray(I)[Ljava/lang/Object;,public-api,sdk,system-api,test-api
Landroid/nfc/T4tNdefNfceeCcFileInfo;->CREATOR:Landroid/os/Parcelable$Creator;,sdk,system-api,test-api
Landroid/nfc/T4tNdefNfceeCcFileInfo;->VERSION_2_0:I,sdk,system-api,test-api
Landroid/nfc/T4tNdefNfceeCcFileInfo;->VERSION_3_0:I,sdk,system-api,test-api
Landroid/nfc/T4tNdefNfceeCcFileInfo;->describeContents()I,public-api,sdk,system-api,test-api
Landroid/nfc/T4tNdefNfceeCcFileInfo;->getCcFileLength()I,sdk,system-api,test-api
Landroid/nfc/T4tNdefNfceeCcFileInfo;->getFileId()I,sdk,system-api,test-api
Landroid/nfc/T4tNdefNfceeCcFileInfo;->getMaxSize()I,sdk,system-api,test-api
Landroid/nfc/T4tNdefNfceeCcFileInfo;->getVersion()I,sdk,system-api,test-api
Landroid/nfc/T4tNdefNfceeCcFileInfo;->isReadAllowed()Z,sdk,system-api,test-api
Landroid/nfc/T4tNdefNfceeCcFileInfo;->isWriteAllowed()Z,sdk,system-api,test-api
Landroid/nfc/T4tNdefNfceeCcFileInfo;->writeToParcel(Landroid/os/Parcel;I)V,public-api,sdk,system-api,test-api
Landroid/nfc/Tag$1;->createFromParcel(Landroid/os/Parcel;)Ljava/lang/Object;,public-api,sdk,system-api,test-api
Landroid/nfc/Tag$1;->newArray(I)[Ljava/lang/Object;,public-api,sdk,system-api,test-api
Landroid/nfc/Tag;->CREATOR:Landroid/os/Parcelable$Creator;,public-api,sdk,system-api,test-api
Landroid/nfc/Tag;->describeContents()I,public-api,sdk,system-api,test-api
Landroid/nfc/Tag;->generateTechStringList([I)[Ljava/lang/String;,lo-prio,max-target-o
Landroid/nfc/Tag;->getConnectedTechnology()I,lo-prio,max-target-o
Landroid/nfc/Tag;->getId()[B,public-api,sdk,system-api,test-api
Landroid/nfc/Tag;->getServiceHandle()I,unsupported
Landroid/nfc/Tag;->getTagService()Landroid/nfc/INfcTag;,unsupported
Landroid/nfc/Tag;->getTechCodeList()[I,lo-prio,max-target-o
Landroid/nfc/Tag;->getTechCodesFromStrings([Ljava/lang/String;)[I,lo-prio,max-target-o
Landroid/nfc/Tag;->getTechExtras(I)Landroid/os/Bundle;,lo-prio,max-target-o
Landroid/nfc/Tag;->getTechList()[Ljava/lang/String;,public-api,sdk,system-api,test-api
Landroid/nfc/Tag;->getTechStringToCodeMap()Ljava/util/HashMap;,lo-prio,max-target-o
Landroid/nfc/Tag;->hasTech(I)Z,lo-prio,max-target-o
Landroid/nfc/Tag;->mConnectedTechnology:I,lo-prio,max-target-o
Landroid/nfc/Tag;->mId:[B,max-target-r
Landroid/nfc/Tag;->mServiceHandle:I,lo-prio,max-target-o
Landroid/nfc/Tag;->mTagService:Landroid/nfc/INfcTag;,lo-prio,max-target-o
Landroid/nfc/Tag;->mTechExtras:[Landroid/os/Bundle;,lo-prio,max-target-o
Landroid/nfc/Tag;->mTechList:[I,lo-prio,max-target-o
Landroid/nfc/Tag;->mTechStringList:[Ljava/lang/String;,lo-prio,max-target-o
Landroid/nfc/Tag;->readBytesWithNull(Landroid/os/Parcel;)[B,lo-prio,max-target-o
Landroid/nfc/Tag;->rediscover()Landroid/nfc/Tag;,lo-prio,max-target-o
Landroid/nfc/Tag;->setTechnologyDisconnected()V,lo-prio,max-target-o
Landroid/nfc/Tag;->toString()Ljava/lang/String;,core-platform-api,public-api,sdk,system-api,test-api
Landroid/nfc/Tag;->writeBytesWithNull(Landroid/os/Parcel;[B)V,lo-prio,max-target-o
Landroid/nfc/Tag;->writeToParcel(Landroid/os/Parcel;I)V,public-api,sdk,system-api,test-api
Landroid/nfc/TagLostException;-><init>()V,public-api,sdk,system-api,test-api
Landroid/nfc/TagLostException;-><init>(Ljava/lang/String;)V,public-api,sdk,system-api,test-api
Landroid/nfc/TechListParcel$1;->createFromParcel(Landroid/os/Parcel;)Ljava/lang/Object;,public-api,sdk,system-api,test-api
Landroid/nfc/TechListParcel$1;->newArray(I)[Ljava/lang/Object;,public-api,sdk,system-api,test-api
Landroid/nfc/TechListParcel;->CREATOR:Landroid/os/Parcelable$Creator;,lo-prio,max-target-o
Landroid/nfc/TechListParcel;->describeContents()I,public-api,sdk,system-api,test-api
Landroid/nfc/TechListParcel;->getTechLists()[[Ljava/lang/String;,lo-prio,max-target-o
Landroid/nfc/TechListParcel;->mTechLists:[[Ljava/lang/String;,lo-prio,max-target-o
Landroid/nfc/TechListParcel;->writeToParcel(Landroid/os/Parcel;I)V,public-api,sdk,system-api,test-api
Landroid/nfc/TransceiveResult$1;->createFromParcel(Landroid/os/Parcel;)Ljava/lang/Object;,public-api,sdk,system-api,test-api
Landroid/nfc/TransceiveResult$1;->newArray(I)[Ljava/lang/Object;,public-api,sdk,system-api,test-api
Landroid/nfc/TransceiveResult;-><init>(I[B)V,lo-prio,max-target-o
Landroid/nfc/TransceiveResult;->CREATOR:Landroid/os/Parcelable$Creator;,lo-prio,max-target-o
Landroid/nfc/TransceiveResult;->RESULT_EXCEEDED_LENGTH:I,lo-prio,max-target-o
Landroid/nfc/TransceiveResult;->RESULT_FAILURE:I,lo-prio,max-target-o
Landroid/nfc/TransceiveResult;->RESULT_SUCCESS:I,lo-prio,max-target-o
Landroid/nfc/TransceiveResult;->RESULT_TAGLOST:I,lo-prio,max-target-o
Landroid/nfc/TransceiveResult;->describeContents()I,public-api,sdk,system-api,test-api
Landroid/nfc/TransceiveResult;->getResponseOrThrow()[B,lo-prio,max-target-o
Landroid/nfc/TransceiveResult;->mResponseData:[B,lo-prio,max-target-o
Landroid/nfc/TransceiveResult;->mResult:I,lo-prio,max-target-o
Landroid/nfc/TransceiveResult;->writeToParcel(Landroid/os/Parcel;I)V,public-api,sdk,system-api,test-api
Landroid/nfc/WlcListenerDeviceInfo$1;->createFromParcel(Landroid/os/Parcel;)Ljava/lang/Object;,public-api,sdk,system-api,test-api
Landroid/nfc/WlcListenerDeviceInfo$1;->newArray(I)[Ljava/lang/Object;,public-api,sdk,system-api,test-api
Landroid/nfc/WlcListenerDeviceInfo;->describeContents()I,public-api,sdk,system-api,test-api
Landroid/nfc/WlcListenerDeviceInfo;->writeToParcel(Landroid/os/Parcel;I)V,public-api,sdk,system-api,test-api
Landroid/nfc/cardemulation/CardEmulation$1$$ExternalSyntheticLambda0;->run()V,core-platform-api,public-api,sdk,system-api,test-api
Landroid/nfc/cardemulation/CardEmulation$1$$ExternalSyntheticLambda6;->accept(Ljava/lang/Object;Ljava/lang/Object;)V,core-platform-api,public-api,sdk,system-api,test-api
Landroid/nfc/cardemulation/CardEmulation$2$1;->run()V,core-platform-api,public-api,sdk,system-api,test-api
Landroid/nfc/cardemulation/CardEmulation$2;->binderDied()V,public-api,sdk,system-api,test-api
Landroid/nfc/cardemulation/CardEmulation$NfcEventCallback;->onAidConflictOccurred(Ljava/lang/String;)V,public-api,sdk,system-api,test-api
Landroid/nfc/cardemulation/CardEmulation$NfcEventCallback;->onAidNotRouted(Ljava/lang/String;)V,public-api,sdk,system-api,test-api
Landroid/nfc/cardemulation/CardEmulation$NfcEventCallback;->onInternalErrorReported(I)V,public-api,sdk,system-api,test-api
Landroid/nfc/cardemulation/CardEmulation$NfcEventCallback;->onNfcStateChanged(I)V,public-api,sdk,system-api,test-api
Landroid/nfc/cardemulation/CardEmulation$NfcEventCallback;->onObserveModeStateChanged(Z)V,public-api,sdk,system-api,test-api
Landroid/nfc/cardemulation/CardEmulation$NfcEventCallback;->onOffHostAidSelected(Ljava/lang/String;Ljava/lang/String;)V,public-api,sdk,system-api,test-api
Landroid/nfc/cardemulation/CardEmulation$NfcEventCallback;->onPreferredServiceChanged(Z)V,public-api,sdk,system-api,test-api
Landroid/nfc/cardemulation/CardEmulation$NfcEventCallback;->onRemoteFieldChanged(Z)V,public-api,sdk,system-api,test-api
Landroid/nfc/cardemulation/CardEmulation;-><init>(Landroid/content/Context;Landroid/nfc/INfcCardEmulation;)V,lo-prio,max-target-o
Landroid/nfc/cardemulation/CardEmulation;->ACTION_CHANGE_DEFAULT:Ljava/lang/String;,public-api,sdk,system-api,test-api
Landroid/nfc/cardemulation/CardEmulation;->CATEGORY_OTHER:Ljava/lang/String;,public-api,sdk,system-api,test-api
Landroid/nfc/cardemulation/CardEmulation;->CATEGORY_PAYMENT:Ljava/lang/String;,public-api,sdk,system-api,test-api
Landroid/nfc/cardemulation/CardEmulation;->EXTRA_CATEGORY:Ljava/lang/String;,public-api,sdk,system-api,test-api
Landroid/nfc/cardemulation/CardEmulation;->EXTRA_SERVICE_COMPONENT:Ljava/lang/String;,public-api,sdk,system-api,test-api
Landroid/nfc/cardemulation/CardEmulation;->NFC_INTERNAL_ERROR_COMMAND_TIMEOUT:I,public-api,sdk,system-api,test-api
Landroid/nfc/cardemulation/CardEmulation;->NFC_INTERNAL_ERROR_NFC_CRASH_RESTART:I,public-api,sdk,system-api,test-api
Landroid/nfc/cardemulation/CardEmulation;->NFC_INTERNAL_ERROR_NFC_HARDWARE_ERROR:I,public-api,sdk,system-api,test-api
Landroid/nfc/cardemulation/CardEmulation;->NFC_INTERNAL_ERROR_UNKNOWN:I,public-api,sdk,system-api,test-api
Landroid/nfc/cardemulation/CardEmulation;->PROPERTY_ALLOW_SHARED_ROLE_PRIORITY:Ljava/lang/String;,public-api,sdk,system-api,test-api
Landroid/nfc/cardemulation/CardEmulation;->PROTOCOL_AND_TECHNOLOGY_ROUTE_DEFAULT:I,public-api,sdk,system-api,test-api
Landroid/nfc/cardemulation/CardEmulation;->PROTOCOL_AND_TECHNOLOGY_ROUTE_DH:I,public-api,sdk,system-api,test-api
Landroid/nfc/cardemulation/CardEmulation;->PROTOCOL_AND_TECHNOLOGY_ROUTE_ESE:I,public-api,sdk,system-api,test-api
Landroid/nfc/cardemulation/CardEmulation;->PROTOCOL_AND_TECHNOLOGY_ROUTE_NDEF_NFCEE:I,public-api,sdk,system-api,test-api
Landroid/nfc/cardemulation/CardEmulation;->PROTOCOL_AND_TECHNOLOGY_ROUTE_UICC:I,public-api,sdk,system-api,test-api
Landroid/nfc/cardemulation/CardEmulation;->PROTOCOL_AND_TECHNOLOGY_ROUTE_UNSET:I,public-api,sdk,system-api,test-api
Landroid/nfc/cardemulation/CardEmulation;->SELECTION_MODE_ALWAYS_ASK:I,public-api,sdk,system-api,test-api
Landroid/nfc/cardemulation/CardEmulation;->SELECTION_MODE_ASK_IF_CONFLICT:I,public-api,sdk,system-api,test-api
Landroid/nfc/cardemulation/CardEmulation;->SELECTION_MODE_PREFER_DEFAULT:I,public-api,sdk,system-api,test-api
Landroid/nfc/cardemulation/CardEmulation;->SET_SERVICE_ENABLED_STATUS_FAILURE_ALREADY_SET:I,sdk,system-api,test-api
Landroid/nfc/cardemulation/CardEmulation;->SET_SERVICE_ENABLED_STATUS_FAILURE_FEATURE_UNSUPPORTED:I,sdk,system-api,test-api
Landroid/nfc/cardemulation/CardEmulation;->SET_SERVICE_ENABLED_STATUS_FAILURE_INVALID_SERVICE:I,sdk,system-api,test-api
Landroid/nfc/cardemulation/CardEmulation;->SET_SERVICE_ENABLED_STATUS_FAILURE_UNKNOWN_ERROR:I,sdk,system-api,test-api
Landroid/nfc/cardemulation/CardEmulation;->SET_SERVICE_ENABLED_STATUS_OK:I,sdk,system-api,test-api
Landroid/nfc/cardemulation/CardEmulation;->SET_SUBSCRIPTION_ID_STATUS_FAILED_INTERNAL_ERROR:I,sdk,system-api,test-api
Landroid/nfc/cardemulation/CardEmulation;->SET_SUBSCRIPTION_ID_STATUS_FAILED_INVALID_SUBSCRIPTION_ID:I,sdk,system-api,test-api
Landroid/nfc/cardemulation/CardEmulation;->SET_SUBSCRIPTION_ID_STATUS_FAILED_NOT_SUPPORTED:I,sdk,system-api,test-api
Landroid/nfc/cardemulation/CardEmulation;->SET_SUBSCRIPTION_ID_STATUS_SUCCESS:I,sdk,system-api,test-api
Landroid/nfc/cardemulation/CardEmulation;->SET_SUBSCRIPTION_ID_STATUS_UNKNOWN:I,sdk,system-api,test-api
Landroid/nfc/cardemulation/CardEmulation;->TAG:Ljava/lang/String;,lo-prio,max-target-o
Landroid/nfc/cardemulation/CardEmulation;->categoryAllowsForegroundPreference(Ljava/lang/String;)Z,public-api,sdk,system-api,test-api
Landroid/nfc/cardemulation/CardEmulation;->getAidsForPreferredPaymentService()Ljava/util/List;,public-api,sdk,system-api,test-api
Landroid/nfc/cardemulation/CardEmulation;->getAidsForService(Landroid/content/ComponentName;Ljava/lang/String;)Ljava/util/List;,public-api,sdk,system-api,test-api
Landroid/nfc/cardemulation/CardEmulation;->getDefaultNfcSubscriptionId()I,public-api,sdk,system-api,test-api
Landroid/nfc/cardemulation/CardEmulation;->getDescriptionForPreferredPaymentService()Ljava/lang/CharSequence;,public-api,sdk,system-api,test-api
Landroid/nfc/cardemulation/CardEmulation;->getInstance(Landroid/nfc/NfcAdapter;)Landroid/nfc/cardemulation/CardEmulation;,public-api,sdk,system-api,test-api
Landroid/nfc/cardemulation/CardEmulation;->getPollingLoopFiltersForService(Landroid/content/ComponentName;)Ljava/util/List;,public-api,sdk,system-api,test-api
Landroid/nfc/cardemulation/CardEmulation;->getPollingLoopPatternFiltersForService(Landroid/content/ComponentName;)Ljava/util/List;,public-api,sdk,system-api,test-api
Landroid/nfc/cardemulation/CardEmulation;->getPreferredPaymentService(Landroid/content/Context;)Landroid/content/ComponentName;,sdk,system-api,test-api
Landroid/nfc/cardemulation/CardEmulation;->getRouteDestinationForPreferredPaymentService()Ljava/lang/String;,public-api,sdk,system-api,test-api
Landroid/nfc/cardemulation/CardEmulation;->getSelectionModeForCategory(Ljava/lang/String;)I,public-api,sdk,system-api,test-api
Landroid/nfc/cardemulation/CardEmulation;->getServices(Ljava/lang/String;)Ljava/util/List;,lo-prio,max-target-o
Landroid/nfc/cardemulation/CardEmulation;->getServices(Ljava/lang/String;I)Ljava/util/List;,sdk,system-api,test-api
Landroid/nfc/cardemulation/CardEmulation;->isDefaultServiceForAid(Landroid/content/ComponentName;Ljava/lang/String;)Z,public-api,sdk,system-api,test-api
Landroid/nfc/cardemulation/CardEmulation;->isDefaultServiceForCategory(Landroid/content/ComponentName;Ljava/lang/String;)Z,public-api,sdk,system-api,test-api
Landroid/nfc/cardemulation/CardEmulation;->isDeviceScreenOnRequiredForService(Landroid/content/ComponentName;)Z,public-api,sdk,system-api,test-api
Landroid/nfc/cardemulation/CardEmulation;->isDeviceUnlockRequiredForService(Landroid/content/ComponentName;)Z,public-api,sdk,system-api,test-api
Landroid/nfc/cardemulation/CardEmulation;->isEuiccSupported()Z,public-api,sdk,system-api,test-api
Landroid/nfc/cardemulation/CardEmulation;->isValidAid(Ljava/lang/String;)Z,lo-prio,max-target-o
Landroid/nfc/cardemulation/CardEmulation;->mContext:Landroid/content/Context;,lo-prio,max-target-o
Landroid/nfc/cardemulation/CardEmulation;->overrideRoutingTable(Landroid/app/Activity;II)V,sdk,system-api,test-api
Landroid/nfc/cardemulation/CardEmulation;->recoverRoutingTable(Landroid/app/Activity;)V,sdk,system-api,test-api
Landroid/nfc/cardemulation/CardEmulation;->registerAidsForService(Landroid/content/ComponentName;Ljava/lang/String;Ljava/util/List;)Z,public-api,sdk,system-api,test-api
Landroid/nfc/cardemulation/CardEmulation;->registerNfcEventCallback(Ljava/util/concurrent/Executor;Landroid/nfc/cardemulation/CardEmulation$NfcEventCallback;)V,public-api,sdk,system-api,test-api
Landroid/nfc/cardemulation/CardEmulation;->registerPollingLoopFilterForService(Landroid/content/ComponentName;Ljava/lang/String;Z)Z,public-api,sdk,system-api,test-api
Landroid/nfc/cardemulation/CardEmulation;->registerPollingLoopPatternFilterForService(Landroid/content/ComponentName;Ljava/lang/String;Z)Z,public-api,sdk,system-api,test-api
Landroid/nfc/cardemulation/CardEmulation;->removeAidsForService(Landroid/content/ComponentName;Ljava/lang/String;)Z,public-api,sdk,system-api,test-api
Landroid/nfc/cardemulation/CardEmulation;->removePollingLoopFilterForService(Landroid/content/ComponentName;Ljava/lang/String;)Z,public-api,sdk,system-api,test-api
Landroid/nfc/cardemulation/CardEmulation;->removePollingLoopPatternFilterForService(Landroid/content/ComponentName;Ljava/lang/String;)Z,public-api,sdk,system-api,test-api
Landroid/nfc/cardemulation/CardEmulation;->sCardEmus:Ljava/util/HashMap;,lo-prio,max-target-o
Landroid/nfc/cardemulation/CardEmulation;->sIsInitialized:Z,lo-prio,max-target-o
Landroid/nfc/cardemulation/CardEmulation;->sService:Landroid/nfc/INfcCardEmulation;,lo-prio,max-target-o
Landroid/nfc/cardemulation/CardEmulation;->setDefaultForNextTap(Landroid/content/ComponentName;)Z,lo-prio,max-target-o
Landroid/nfc/cardemulation/CardEmulation;->setDefaultNfcSubscriptionId(I)I,sdk,system-api,test-api
Landroid/nfc/cardemulation/CardEmulation;->setDefaultServiceForCategory(Landroid/content/ComponentName;Ljava/lang/String;)Z,lo-prio,max-target-o
Landroid/nfc/cardemulation/CardEmulation;->setOffHostForService(Landroid/content/ComponentName;Ljava/lang/String;)Z,public-api,sdk,system-api,test-api
Landroid/nfc/cardemulation/CardEmulation;->setPreferredService(Landroid/app/Activity;Landroid/content/ComponentName;)Z,public-api,sdk,system-api,test-api
Landroid/nfc/cardemulation/CardEmulation;->setRequireDeviceScreenOnForService(Landroid/content/ComponentName;Z)V,public-api,sdk,system-api,test-api
Landroid/nfc/cardemulation/CardEmulation;->setRequireDeviceUnlockForService(Landroid/content/ComponentName;Z)V,public-api,sdk,system-api,test-api
Landroid/nfc/cardemulation/CardEmulation;->setServiceEnabledForCategoryOther(Landroid/content/ComponentName;Z)I,sdk,system-api,test-api
Landroid/nfc/cardemulation/CardEmulation;->setShouldDefaultToObserveModeForService(Landroid/content/ComponentName;Z)Z,public-api,sdk,system-api,test-api
Landroid/nfc/cardemulation/CardEmulation;->supportsAidPrefixRegistration()Z,public-api,sdk,system-api,test-api
Landroid/nfc/cardemulation/CardEmulation;->unregisterNfcEventCallback(Landroid/nfc/cardemulation/CardEmulation$NfcEventCallback;)V,public-api,sdk,system-api,test-api
Landroid/nfc/cardemulation/CardEmulation;->unsetOffHostForService(Landroid/content/ComponentName;)Z,public-api,sdk,system-api,test-api
Landroid/nfc/cardemulation/CardEmulation;->unsetPreferredService(Landroid/app/Activity;)Z,public-api,sdk,system-api,test-api
Landroid/nfc/cardemulation/HostApduService$MsgHandler;->handleMessage(Landroid/os/Message;)V,public-api,sdk,system-api,test-api
Landroid/nfc/cardemulation/HostApduService;-><init>()V,public-api,sdk,system-api,test-api
Landroid/nfc/cardemulation/HostApduService;->DEACTIVATION_DESELECTED:I,public-api,sdk,system-api,test-api
Landroid/nfc/cardemulation/HostApduService;->DEACTIVATION_LINK_LOSS:I,public-api,sdk,system-api,test-api
Landroid/nfc/cardemulation/HostApduService;->KEY_DATA:Ljava/lang/String;,lo-prio,max-target-o
Landroid/nfc/cardemulation/HostApduService;->MSG_COMMAND_APDU:I,lo-prio,max-target-o
Landroid/nfc/cardemulation/HostApduService;->MSG_DEACTIVATED:I,lo-prio,max-target-o
Landroid/nfc/cardemulation/HostApduService;->MSG_RESPONSE_APDU:I,lo-prio,max-target-o
Landroid/nfc/cardemulation/HostApduService;->MSG_UNHANDLED:I,lo-prio,max-target-o
Landroid/nfc/cardemulation/HostApduService;->SERVICE_INTERFACE:Ljava/lang/String;,public-api,sdk,system-api,test-api
Landroid/nfc/cardemulation/HostApduService;->SERVICE_META_DATA:Ljava/lang/String;,public-api,sdk,system-api,test-api
Landroid/nfc/cardemulation/HostApduService;->TAG:Ljava/lang/String;,lo-prio,max-target-o
Landroid/nfc/cardemulation/HostApduService;->mMessenger:Landroid/os/Messenger;,lo-prio,max-target-o
Landroid/nfc/cardemulation/HostApduService;->mNfcService:Landroid/os/Messenger;,lo-prio,max-target-o
Landroid/nfc/cardemulation/HostApduService;->notifyUnhandled()V,public-api,sdk,system-api,test-api
Landroid/nfc/cardemulation/HostApduService;->onBind(Landroid/content/Intent;)Landroid/os/IBinder;,public-api,sdk,system-api,test-api
Landroid/nfc/cardemulation/HostApduService;->onDeactivated(I)V,public-api,sdk,system-api,test-api
Landroid/nfc/cardemulation/HostApduService;->processCommandApdu([BLandroid/os/Bundle;)[B,public-api,sdk,system-api,test-api
Landroid/nfc/cardemulation/HostApduService;->processPollingFrames(Ljava/util/List;)V,public-api,sdk,system-api,test-api
Landroid/nfc/cardemulation/HostApduService;->sendResponseApdu([B)V,public-api,sdk,system-api,test-api
Landroid/nfc/cardemulation/HostNfcFService;-><init>()V,public-api,sdk,system-api,test-api
Landroid/nfc/cardemulation/HostNfcFService;->DEACTIVATION_LINK_LOSS:I,public-api,sdk,system-api,test-api
Landroid/nfc/cardemulation/HostNfcFService;->KEY_DATA:Ljava/lang/String;,lo-prio,max-target-o
Landroid/nfc/cardemulation/HostNfcFService;->KEY_MESSENGER:Ljava/lang/String;,lo-prio,max-target-o
Landroid/nfc/cardemulation/HostNfcFService;->MSG_COMMAND_PACKET:I,lo-prio,max-target-o
Landroid/nfc/cardemulation/HostNfcFService;->MSG_DEACTIVATED:I,lo-prio,max-target-o
Landroid/nfc/cardemulation/HostNfcFService;->MSG_RESPONSE_PACKET:I,lo-prio,max-target-o
Landroid/nfc/cardemulation/HostNfcFService;->SERVICE_INTERFACE:Ljava/lang/String;,public-api,sdk,system-api,test-api
Landroid/nfc/cardemulation/HostNfcFService;->SERVICE_META_DATA:Ljava/lang/String;,public-api,sdk,system-api,test-api
Landroid/nfc/cardemulation/HostNfcFService;->TAG:Ljava/lang/String;,lo-prio,max-target-o
Landroid/nfc/cardemulation/HostNfcFService;->getMessenger()Landroid/os/Messenger;,unsupported
Landroid/nfc/cardemulation/HostNfcFService;->getNfcService()Landroid/os/Messenger;,unsupported
Landroid/nfc/cardemulation/HostNfcFService;->mMessenger:Landroid/os/Messenger;,lo-prio,max-target-o
Landroid/nfc/cardemulation/HostNfcFService;->mNfcService:Landroid/os/Messenger;,lo-prio,max-target-o
Landroid/nfc/cardemulation/HostNfcFService;->onBind(Landroid/content/Intent;)Landroid/os/IBinder;,public-api,sdk,system-api,test-api
Landroid/nfc/cardemulation/HostNfcFService;->onDeactivated(I)V,public-api,sdk,system-api,test-api
Landroid/nfc/cardemulation/HostNfcFService;->processNfcFPacket([BLandroid/os/Bundle;)[B,public-api,sdk,system-api,test-api
Landroid/nfc/cardemulation/HostNfcFService;->sendResponsePacket([B)V,public-api,sdk,system-api,test-api
Landroid/nfc/cardemulation/HostNfcFService;->setNfcService(Landroid/os/Messenger;)V,unsupported
Landroid/nfc/cardemulation/HostNfcFServiceMsgHandler;->handleMessage(Landroid/os/Message;)V,public-api,sdk,system-api,test-api,unsupported
Landroid/nfc/cardemulation/NfcFCardEmulation;-><init>(Landroid/content/Context;Landroid/nfc/INfcFCardEmulation;)V,lo-prio,max-target-o
Landroid/nfc/cardemulation/NfcFCardEmulation;->TAG:Ljava/lang/String;,lo-prio,max-target-o
Landroid/nfc/cardemulation/NfcFCardEmulation;->disableService(Landroid/app/Activity;)Z,public-api,sdk,system-api,test-api
Landroid/nfc/cardemulation/NfcFCardEmulation;->enableService(Landroid/app/Activity;Landroid/content/ComponentName;)Z,public-api,sdk,system-api,test-api
Landroid/nfc/cardemulation/NfcFCardEmulation;->getInstance(Landroid/nfc/NfcAdapter;)Landroid/nfc/cardemulation/NfcFCardEmulation;,public-api,sdk,system-api,test-api
Landroid/nfc/cardemulation/NfcFCardEmulation;->getMaxNumOfRegisterableSystemCodes()I,lo-prio,max-target-o
Landroid/nfc/cardemulation/NfcFCardEmulation;->getNfcFServices()Ljava/util/List;,lo-prio,max-target-o
Landroid/nfc/cardemulation/NfcFCardEmulation;->getNfcid2ForService(Landroid/content/ComponentName;)Ljava/lang/String;,public-api,sdk,system-api,test-api
Landroid/nfc/cardemulation/NfcFCardEmulation;->getSystemCodeForService(Landroid/content/ComponentName;)Ljava/lang/String;,public-api,sdk,system-api,test-api
Landroid/nfc/cardemulation/NfcFCardEmulation;->isValidNfcid2(Ljava/lang/String;)Z,lo-prio,max-target-o
Landroid/nfc/cardemulation/NfcFCardEmulation;->isValidSystemCode(Ljava/lang/String;)Z,lo-prio,max-target-o
Landroid/nfc/cardemulation/NfcFCardEmulation;->mContext:Landroid/content/Context;,lo-prio,max-target-o
Landroid/nfc/cardemulation/NfcFCardEmulation;->recoverService()V,lo-prio,max-target-o
Landroid/nfc/cardemulation/NfcFCardEmulation;->registerSystemCodeForService(Landroid/content/ComponentName;Ljava/lang/String;)Z,public-api,sdk,system-api,test-api
Landroid/nfc/cardemulation/NfcFCardEmulation;->sCardEmus:Ljava/util/HashMap;,lo-prio,max-target-o
Landroid/nfc/cardemulation/NfcFCardEmulation;->sIsInitialized:Z,lo-prio,max-target-o
Landroid/nfc/cardemulation/NfcFCardEmulation;->sService:Landroid/nfc/INfcFCardEmulation;,lo-prio,max-target-o
Landroid/nfc/cardemulation/NfcFCardEmulation;->setNfcid2ForService(Landroid/content/ComponentName;Ljava/lang/String;)Z,public-api,sdk,system-api,test-api
Landroid/nfc/cardemulation/NfcFCardEmulation;->unregisterSystemCodeForService(Landroid/content/ComponentName;)Z,public-api,sdk,system-api,test-api
Landroid/nfc/cardemulation/OffHostApduService;-><init>()V,public-api,sdk,system-api,test-api
Landroid/nfc/cardemulation/OffHostApduService;->SERVICE_INTERFACE:Ljava/lang/String;,public-api,sdk,system-api,test-api
Landroid/nfc/cardemulation/OffHostApduService;->SERVICE_META_DATA:Ljava/lang/String;,public-api,sdk,system-api,test-api
Landroid/nfc/cardemulation/OffHostApduService;->onBind(Landroid/content/Intent;)Landroid/os/IBinder;,public-api,sdk,system-api,test-api
Landroid/nfc/cardemulation/PollingFrame$1;->createFromParcel(Landroid/os/Parcel;)Ljava/lang/Object;,public-api,sdk,system-api,test-api
Landroid/nfc/cardemulation/PollingFrame$1;->newArray(I)[Ljava/lang/Object;,public-api,sdk,system-api,test-api
Landroid/nfc/cardemulation/PollingFrame;->CREATOR:Landroid/os/Parcelable$Creator;,public-api,sdk,system-api,test-api
Landroid/nfc/cardemulation/PollingFrame;->POLLING_LOOP_TYPE_A:I,public-api,sdk,system-api,test-api
Landroid/nfc/cardemulation/PollingFrame;->POLLING_LOOP_TYPE_B:I,public-api,sdk,system-api,test-api
Landroid/nfc/cardemulation/PollingFrame;->POLLING_LOOP_TYPE_F:I,public-api,sdk,system-api,test-api
Landroid/nfc/cardemulation/PollingFrame;->POLLING_LOOP_TYPE_OFF:I,public-api,sdk,system-api,test-api
Landroid/nfc/cardemulation/PollingFrame;->POLLING_LOOP_TYPE_ON:I,public-api,sdk,system-api,test-api
Landroid/nfc/cardemulation/PollingFrame;->POLLING_LOOP_TYPE_UNKNOWN:I,public-api,sdk,system-api,test-api
Landroid/nfc/cardemulation/PollingFrame;->describeContents()I,public-api,sdk,system-api,test-api
Landroid/nfc/cardemulation/PollingFrame;->getData()[B,public-api,sdk,system-api,test-api
Landroid/nfc/cardemulation/PollingFrame;->getTimestamp()J,public-api,sdk,system-api,test-api
Landroid/nfc/cardemulation/PollingFrame;->getTriggeredAutoTransact()Z,public-api,sdk,system-api,test-api
Landroid/nfc/cardemulation/PollingFrame;->getType()I,public-api,sdk,system-api,test-api
Landroid/nfc/cardemulation/PollingFrame;->getVendorSpecificGain()I,public-api,sdk,system-api,test-api
Landroid/nfc/cardemulation/PollingFrame;->toString()Ljava/lang/String;,core-platform-api,public-api,sdk,system-api,test-api
Landroid/nfc/cardemulation/PollingFrame;->writeToParcel(Landroid/os/Parcel;I)V,public-api,sdk,system-api,test-api
Landroid/nfc/tech/BasicTagTechnology;-><init>(Landroid/nfc/Tag;I)V,lo-prio,max-target-o
Landroid/nfc/tech/BasicTagTechnology;->TAG:Ljava/lang/String;,lo-prio,max-target-o
Landroid/nfc/tech/BasicTagTechnology;->checkConnected()V,lo-prio,max-target-o
Landroid/nfc/tech/BasicTagTechnology;->close()V,core-platform-api,public-api,sdk,system-api,test-api
Landroid/nfc/tech/BasicTagTechnology;->connect()V,public-api,sdk,system-api,test-api
Landroid/nfc/tech/BasicTagTechnology;->getMaxTransceiveLengthInternal()I,lo-prio,max-target-o
Landroid/nfc/tech/BasicTagTechnology;->getTag()Landroid/nfc/Tag;,public-api,sdk,system-api,test-api
Landroid/nfc/tech/BasicTagTechnology;->isConnected()Z,public-api,sdk,system-api,test-api
Landroid/nfc/tech/BasicTagTechnology;->mIsConnected:Z,lo-prio,max-target-o
Landroid/nfc/tech/BasicTagTechnology;->mSelectedTechnology:I,lo-prio,max-target-o
Landroid/nfc/tech/BasicTagTechnology;->mTag:Landroid/nfc/Tag;,lo-prio,max-target-o
Landroid/nfc/tech/BasicTagTechnology;->reconnect()V,lo-prio,max-target-o
Landroid/nfc/tech/BasicTagTechnology;->transceive([BZ)[B,lo-prio,max-target-o
Landroid/nfc/tech/IsoDep;-><init>(Landroid/nfc/Tag;)V,lo-prio,max-target-o
Landroid/nfc/tech/IsoDep;->EXTRA_HIST_BYTES:Ljava/lang/String;,lo-prio,max-target-o
Landroid/nfc/tech/IsoDep;->EXTRA_HI_LAYER_RESP:Ljava/lang/String;,lo-prio,max-target-o
Landroid/nfc/tech/IsoDep;->TAG:Ljava/lang/String;,lo-prio,max-target-o
Landroid/nfc/tech/IsoDep;->close()V,core-platform-api,public-api,sdk,system-api,test-api
Landroid/nfc/tech/IsoDep;->connect()V,public-api,sdk,system-api,test-api
Landroid/nfc/tech/IsoDep;->get(Landroid/nfc/Tag;)Landroid/nfc/tech/IsoDep;,public-api,sdk,system-api,test-api
Landroid/nfc/tech/IsoDep;->getHiLayerResponse()[B,public-api,sdk,system-api,test-api
Landroid/nfc/tech/IsoDep;->getHistoricalBytes()[B,public-api,sdk,system-api,test-api
Landroid/nfc/tech/IsoDep;->getMaxTransceiveLength()I,public-api,sdk,system-api,test-api
Landroid/nfc/tech/IsoDep;->getTag()Landroid/nfc/Tag;,public-api,sdk,system-api,test-api
Landroid/nfc/tech/IsoDep;->getTimeout()I,public-api,sdk,system-api,test-api
Landroid/nfc/tech/IsoDep;->isConnected()Z,public-api,sdk,system-api,test-api
Landroid/nfc/tech/IsoDep;->isExtendedLengthApduSupported()Z,public-api,sdk,system-api,test-api
Landroid/nfc/tech/IsoDep;->mHiLayerResponse:[B,lo-prio,max-target-o
Landroid/nfc/tech/IsoDep;->mHistBytes:[B,lo-prio,max-target-o
Landroid/nfc/tech/IsoDep;->setTimeout(I)V,public-api,sdk,system-api,test-api
Landroid/nfc/tech/IsoDep;->transceive([B)[B,public-api,sdk,system-api,test-api
Landroid/nfc/tech/MifareClassic;-><init>(Landroid/nfc/Tag;)V,lo-prio,max-target-o
Landroid/nfc/tech/MifareClassic;->BLOCK_SIZE:I,public-api,sdk,system-api,test-api
Landroid/nfc/tech/MifareClassic;->KEY_DEFAULT:[B,public-api,sdk,system-api,test-api
Landroid/nfc/tech/MifareClassic;->KEY_MIFARE_APPLICATION_DIRECTORY:[B,public-api,sdk,system-api,test-api
Landroid/nfc/tech/MifareClassic;->KEY_NFC_FORUM:[B,public-api,sdk,system-api,test-api
Landroid/nfc/tech/MifareClassic;->MAX_BLOCK_COUNT:I,lo-prio,max-target-o
Landroid/nfc/tech/MifareClassic;->MAX_SECTOR_COUNT:I,lo-prio,max-target-o
Landroid/nfc/tech/MifareClassic;->SIZE_1K:I,public-api,sdk,system-api,test-api
Landroid/nfc/tech/MifareClassic;->SIZE_2K:I,public-api,sdk,system-api,test-api
Landroid/nfc/tech/MifareClassic;->SIZE_4K:I,public-api,sdk,system-api,test-api
Landroid/nfc/tech/MifareClassic;->SIZE_MINI:I,public-api,sdk,system-api,test-api
Landroid/nfc/tech/MifareClassic;->TAG:Ljava/lang/String;,lo-prio,max-target-o
Landroid/nfc/tech/MifareClassic;->TYPE_CLASSIC:I,public-api,sdk,system-api,test-api
Landroid/nfc/tech/MifareClassic;->TYPE_PLUS:I,public-api,sdk,system-api,test-api
Landroid/nfc/tech/MifareClassic;->TYPE_PRO:I,public-api,sdk,system-api,test-api
Landroid/nfc/tech/MifareClassic;->TYPE_UNKNOWN:I,public-api,sdk,system-api,test-api
Landroid/nfc/tech/MifareClassic;->authenticate(I[BZ)Z,lo-prio,max-target-o
Landroid/nfc/tech/MifareClassic;->authenticateSectorWithKeyA(I[B)Z,public-api,sdk,system-api,test-api
Landroid/nfc/tech/MifareClassic;->authenticateSectorWithKeyB(I[B)Z,public-api,sdk,system-api,test-api
Landroid/nfc/tech/MifareClassic;->blockToSector(I)I,public-api,sdk,system-api,test-api
Landroid/nfc/tech/MifareClassic;->close()V,core-platform-api,public-api,sdk,system-api,test-api
Landroid/nfc/tech/MifareClassic;->connect()V,public-api,sdk,system-api,test-api
Landroid/nfc/tech/MifareClassic;->decrement(II)V,public-api,sdk,system-api,test-api
Landroid/nfc/tech/MifareClassic;->get(Landroid/nfc/Tag;)Landroid/nfc/tech/MifareClassic;,public-api,sdk,system-api,test-api
Landroid/nfc/tech/MifareClassic;->getBlockCount()I,public-api,sdk,system-api,test-api
Landroid/nfc/tech/MifareClassic;->getBlockCountInSector(I)I,public-api,sdk,system-api,test-api
Landroid/nfc/tech/MifareClassic;->getMaxTransceiveLength()I,public-api,sdk,system-api,test-api
Landroid/nfc/tech/MifareClassic;->getSectorCount()I,public-api,sdk,system-api,test-api
Landroid/nfc/tech/MifareClassic;->getSize()I,public-api,sdk,system-api,test-api
Landroid/nfc/tech/MifareClassic;->getTag()Landroid/nfc/Tag;,public-api,sdk,system-api,test-api
Landroid/nfc/tech/MifareClassic;->getTimeout()I,public-api,sdk,system-api,test-api
Landroid/nfc/tech/MifareClassic;->getType()I,public-api,sdk,system-api,test-api
Landroid/nfc/tech/MifareClassic;->increment(II)V,public-api,sdk,system-api,test-api
Landroid/nfc/tech/MifareClassic;->isConnected()Z,public-api,sdk,system-api,test-api
Landroid/nfc/tech/MifareClassic;->isEmulated()Z,lo-prio,max-target-o
Landroid/nfc/tech/MifareClassic;->mIsEmulated:Z,lo-prio,max-target-o
Landroid/nfc/tech/MifareClassic;->mSize:I,lo-prio,max-target-o
Landroid/nfc/tech/MifareClassic;->mType:I,lo-prio,max-target-o
Landroid/nfc/tech/MifareClassic;->readBlock(I)[B,public-api,sdk,system-api,test-api
Landroid/nfc/tech/MifareClassic;->restore(I)V,public-api,sdk,system-api,test-api
Landroid/nfc/tech/MifareClassic;->sectorToBlock(I)I,public-api,sdk,system-api,test-api
Landroid/nfc/tech/MifareClassic;->setTimeout(I)V,public-api,sdk,system-api,test-api
Landroid/nfc/tech/MifareClassic;->transceive([B)[B,public-api,sdk,system-api,test-api
Landroid/nfc/tech/MifareClassic;->transfer(I)V,public-api,sdk,system-api,test-api
Landroid/nfc/tech/MifareClassic;->validateBlock(I)V,lo-prio,max-target-o
Landroid/nfc/tech/MifareClassic;->validateSector(I)V,lo-prio,max-target-o
Landroid/nfc/tech/MifareClassic;->validateValueOperand(I)V,lo-prio,max-target-o
Landroid/nfc/tech/MifareClassic;->writeBlock(I[B)V,public-api,sdk,system-api,test-api
Landroid/nfc/tech/MifareUltralight;-><init>(Landroid/nfc/Tag;)V,lo-prio,max-target-o
Landroid/nfc/tech/MifareUltralight;->EXTRA_IS_UL_C:Ljava/lang/String;,lo-prio,max-target-o
Landroid/nfc/tech/MifareUltralight;->MAX_PAGE_COUNT:I,lo-prio,max-target-o
Landroid/nfc/tech/MifareUltralight;->NXP_MANUFACTURER_ID:I,lo-prio,max-target-o
Landroid/nfc/tech/MifareUltralight;->PAGE_SIZE:I,public-api,sdk,system-api,test-api
Landroid/nfc/tech/MifareUltralight;->TAG:Ljava/lang/String;,lo-prio,max-target-o
Landroid/nfc/tech/MifareUltralight;->TYPE_ULTRALIGHT:I,public-api,sdk,system-api,test-api
Landroid/nfc/tech/MifareUltralight;->TYPE_ULTRALIGHT_C:I,public-api,sdk,system-api,test-api
Landroid/nfc/tech/MifareUltralight;->TYPE_UNKNOWN:I,public-api,sdk,system-api,test-api
Landroid/nfc/tech/MifareUltralight;->close()V,core-platform-api,public-api,sdk,system-api,test-api
Landroid/nfc/tech/MifareUltralight;->connect()V,public-api,sdk,system-api,test-api
Landroid/nfc/tech/MifareUltralight;->get(Landroid/nfc/Tag;)Landroid/nfc/tech/MifareUltralight;,public-api,sdk,system-api,test-api
Landroid/nfc/tech/MifareUltralight;->getMaxTransceiveLength()I,public-api,sdk,system-api,test-api
Landroid/nfc/tech/MifareUltralight;->getTag()Landroid/nfc/Tag;,public-api,sdk,system-api,test-api
Landroid/nfc/tech/MifareUltralight;->getTimeout()I,public-api,sdk,system-api,test-api
Landroid/nfc/tech/MifareUltralight;->getType()I,public-api,sdk,system-api,test-api
Landroid/nfc/tech/MifareUltralight;->isConnected()Z,public-api,sdk,system-api,test-api
Landroid/nfc/tech/MifareUltralight;->mType:I,lo-prio,max-target-o
Landroid/nfc/tech/MifareUltralight;->readPages(I)[B,public-api,sdk,system-api,test-api
Landroid/nfc/tech/MifareUltralight;->setTimeout(I)V,public-api,sdk,system-api,test-api
Landroid/nfc/tech/MifareUltralight;->transceive([B)[B,public-api,sdk,system-api,test-api
Landroid/nfc/tech/MifareUltralight;->validatePageIndex(I)V,lo-prio,max-target-o
Landroid/nfc/tech/MifareUltralight;->writePage(I[B)V,public-api,sdk,system-api,test-api
Landroid/nfc/tech/Ndef;-><init>(Landroid/nfc/Tag;)V,lo-prio,max-target-o
Landroid/nfc/tech/Ndef;->EXTRA_NDEF_CARDSTATE:Ljava/lang/String;,lo-prio,max-target-o
Landroid/nfc/tech/Ndef;->EXTRA_NDEF_MAXLENGTH:Ljava/lang/String;,lo-prio,max-target-o
Landroid/nfc/tech/Ndef;->EXTRA_NDEF_MSG:Ljava/lang/String;,lo-prio,max-target-o
Landroid/nfc/tech/Ndef;->EXTRA_NDEF_TYPE:Ljava/lang/String;,lo-prio,max-target-o
Landroid/nfc/tech/Ndef;->ICODE_SLI:Ljava/lang/String;,lo-prio,max-target-o
Landroid/nfc/tech/Ndef;->MIFARE_CLASSIC:Ljava/lang/String;,public-api,sdk,system-api,test-api
Landroid/nfc/tech/Ndef;->NDEF_MODE_READ_ONLY:I,lo-prio,max-target-o
Landroid/nfc/tech/Ndef;->NDEF_MODE_READ_WRITE:I,lo-prio,max-target-o
Landroid/nfc/tech/Ndef;->NDEF_MODE_UNKNOWN:I,lo-prio,max-target-o
Landroid/nfc/tech/Ndef;->NFC_FORUM_TYPE_1:Ljava/lang/String;,public-api,sdk,system-api,test-api
Landroid/nfc/tech/Ndef;->NFC_FORUM_TYPE_2:Ljava/lang/String;,public-api,sdk,system-api,test-api
Landroid/nfc/tech/Ndef;->NFC_FORUM_TYPE_3:Ljava/lang/String;,public-api,sdk,system-api,test-api
Landroid/nfc/tech/Ndef;->NFC_FORUM_TYPE_4:Ljava/lang/String;,public-api,sdk,system-api,test-api
Landroid/nfc/tech/Ndef;->TAG:Ljava/lang/String;,lo-prio,max-target-o
Landroid/nfc/tech/Ndef;->TYPE_1:I,lo-prio,max-target-o
Landroid/nfc/tech/Ndef;->TYPE_2:I,lo-prio,max-target-o
Landroid/nfc/tech/Ndef;->TYPE_3:I,lo-prio,max-target-o
Landroid/nfc/tech/Ndef;->TYPE_4:I,lo-prio,max-target-o
Landroid/nfc/tech/Ndef;->TYPE_ICODE_SLI:I,lo-prio,max-target-o
Landroid/nfc/tech/Ndef;->TYPE_MIFARE_CLASSIC:I,lo-prio,max-target-o
Landroid/nfc/tech/Ndef;->TYPE_OTHER:I,lo-prio,max-target-o
Landroid/nfc/tech/Ndef;->UNKNOWN:Ljava/lang/String;,lo-prio,max-target-o
Landroid/nfc/tech/Ndef;->canMakeReadOnly()Z,public-api,sdk,system-api,test-api
Landroid/nfc/tech/Ndef;->close()V,core-platform-api,public-api,sdk,system-api,test-api
Landroid/nfc/tech/Ndef;->connect()V,public-api,sdk,system-api,test-api
Landroid/nfc/tech/Ndef;->get(Landroid/nfc/Tag;)Landroid/nfc/tech/Ndef;,public-api,sdk,system-api,test-api
Landroid/nfc/tech/Ndef;->getCachedNdefMessage()Landroid/nfc/NdefMessage;,public-api,sdk,system-api,test-api
Landroid/nfc/tech/Ndef;->getMaxSize()I,public-api,sdk,system-api,test-api
Landroid/nfc/tech/Ndef;->getNdefMessage()Landroid/nfc/NdefMessage;,public-api,sdk,system-api,test-api
Landroid/nfc/tech/Ndef;->getTag()Landroid/nfc/Tag;,public-api,sdk,system-api,test-api
Landroid/nfc/tech/Ndef;->getType()Ljava/lang/String;,public-api,sdk,system-api,test-api
Landroid/nfc/tech/Ndef;->isConnected()Z,public-api,sdk,system-api,test-api
Landroid/nfc/tech/Ndef;->isWritable()Z,public-api,sdk,system-api,test-api
Landroid/nfc/tech/Ndef;->mCardState:I,lo-prio,max-target-o
Landroid/nfc/tech/Ndef;->mMaxNdefSize:I,lo-prio,max-target-o
Landroid/nfc/tech/Ndef;->mNdefMsg:Landroid/nfc/NdefMessage;,lo-prio,max-target-o
Landroid/nfc/tech/Ndef;->mNdefType:I,lo-prio,max-target-o
Landroid/nfc/tech/Ndef;->makeReadOnly()Z,public-api,sdk,system-api,test-api
Landroid/nfc/tech/Ndef;->writeNdefMessage(Landroid/nfc/NdefMessage;)V,public-api,sdk,system-api,test-api
Landroid/nfc/tech/NdefFormatable;-><init>(Landroid/nfc/Tag;)V,lo-prio,max-target-o
Landroid/nfc/tech/NdefFormatable;->TAG:Ljava/lang/String;,lo-prio,max-target-o
Landroid/nfc/tech/NdefFormatable;->close()V,core-platform-api,public-api,sdk,system-api,test-api
Landroid/nfc/tech/NdefFormatable;->connect()V,public-api,sdk,system-api,test-api
Landroid/nfc/tech/NdefFormatable;->format(Landroid/nfc/NdefMessage;)V,public-api,sdk,system-api,test-api
Landroid/nfc/tech/NdefFormatable;->format(Landroid/nfc/NdefMessage;Z)V,lo-prio,max-target-o
Landroid/nfc/tech/NdefFormatable;->formatReadOnly(Landroid/nfc/NdefMessage;)V,public-api,sdk,system-api,test-api
Landroid/nfc/tech/NdefFormatable;->get(Landroid/nfc/Tag;)Landroid/nfc/tech/NdefFormatable;,public-api,sdk,system-api,test-api
Landroid/nfc/tech/NdefFormatable;->getTag()Landroid/nfc/Tag;,public-api,sdk,system-api,test-api
Landroid/nfc/tech/NdefFormatable;->isConnected()Z,public-api,sdk,system-api,test-api
Landroid/nfc/tech/NfcA;-><init>(Landroid/nfc/Tag;)V,lo-prio,max-target-o
Landroid/nfc/tech/NfcA;->EXTRA_ATQA:Ljava/lang/String;,lo-prio,max-target-o
Landroid/nfc/tech/NfcA;->EXTRA_SAK:Ljava/lang/String;,lo-prio,max-target-o
Landroid/nfc/tech/NfcA;->TAG:Ljava/lang/String;,lo-prio,max-target-o
Landroid/nfc/tech/NfcA;->close()V,core-platform-api,public-api,sdk,system-api,test-api
Landroid/nfc/tech/NfcA;->connect()V,public-api,sdk,system-api,test-api
Landroid/nfc/tech/NfcA;->get(Landroid/nfc/Tag;)Landroid/nfc/tech/NfcA;,public-api,sdk,system-api,test-api
Landroid/nfc/tech/NfcA;->getAtqa()[B,public-api,sdk,system-api,test-api
Landroid/nfc/tech/NfcA;->getMaxTransceiveLength()I,public-api,sdk,system-api,test-api
Landroid/nfc/tech/NfcA;->getSak()S,public-api,sdk,system-api,test-api
Landroid/nfc/tech/NfcA;->getTag()Landroid/nfc/Tag;,public-api,sdk,system-api,test-api
Landroid/nfc/tech/NfcA;->getTimeout()I,public-api,sdk,system-api,test-api
Landroid/nfc/tech/NfcA;->isConnected()Z,public-api,sdk,system-api,test-api
Landroid/nfc/tech/NfcA;->mAtqa:[B,lo-prio,max-target-o
Landroid/nfc/tech/NfcA;->mSak:S,lo-prio,max-target-o
Landroid/nfc/tech/NfcA;->setTimeout(I)V,public-api,sdk,system-api,test-api
Landroid/nfc/tech/NfcA;->transceive([B)[B,public-api,sdk,system-api,test-api
Landroid/nfc/tech/NfcB;-><init>(Landroid/nfc/Tag;)V,lo-prio,max-target-o
Landroid/nfc/tech/NfcB;->EXTRA_APPDATA:Ljava/lang/String;,lo-prio,max-target-o
Landroid/nfc/tech/NfcB;->EXTRA_PROTINFO:Ljava/lang/String;,lo-prio,max-target-o
Landroid/nfc/tech/NfcB;->close()V,core-platform-api,public-api,sdk,system-api,test-api
Landroid/nfc/tech/NfcB;->connect()V,public-api,sdk,system-api,test-api
Landroid/nfc/tech/NfcB;->get(Landroid/nfc/Tag;)Landroid/nfc/tech/NfcB;,public-api,sdk,system-api,test-api
Landroid/nfc/tech/NfcB;->getApplicationData()[B,public-api,sdk,system-api,test-api
Landroid/nfc/tech/NfcB;->getMaxTransceiveLength()I,public-api,sdk,system-api,test-api
Landroid/nfc/tech/NfcB;->getProtocolInfo()[B,public-api,sdk,system-api,test-api
Landroid/nfc/tech/NfcB;->getTag()Landroid/nfc/Tag;,public-api,sdk,system-api,test-api
Landroid/nfc/tech/NfcB;->isConnected()Z,public-api,sdk,system-api,test-api
Landroid/nfc/tech/NfcB;->mAppData:[B,lo-prio,max-target-o
Landroid/nfc/tech/NfcB;->mProtInfo:[B,lo-prio,max-target-o
Landroid/nfc/tech/NfcB;->transceive([B)[B,public-api,sdk,system-api,test-api
Landroid/nfc/tech/NfcBarcode;-><init>(Landroid/nfc/Tag;)V,lo-prio,max-target-o
Landroid/nfc/tech/NfcBarcode;->EXTRA_BARCODE_TYPE:Ljava/lang/String;,lo-prio,max-target-o
Landroid/nfc/tech/NfcBarcode;->TYPE_KOVIO:I,public-api,sdk,system-api,test-api
Landroid/nfc/tech/NfcBarcode;->TYPE_UNKNOWN:I,public-api,sdk,system-api,test-api
Landroid/nfc/tech/NfcBarcode;->close()V,core-platform-api,public-api,sdk,system-api,test-api
Landroid/nfc/tech/NfcBarcode;->connect()V,public-api,sdk,system-api,test-api
Landroid/nfc/tech/NfcBarcode;->get(Landroid/nfc/Tag;)Landroid/nfc/tech/NfcBarcode;,public-api,sdk,system-api,test-api
Landroid/nfc/tech/NfcBarcode;->getBarcode()[B,public-api,sdk,system-api,test-api
Landroid/nfc/tech/NfcBarcode;->getTag()Landroid/nfc/Tag;,public-api,sdk,system-api,test-api
Landroid/nfc/tech/NfcBarcode;->getType()I,public-api,sdk,system-api,test-api
Landroid/nfc/tech/NfcBarcode;->isConnected()Z,public-api,sdk,system-api,test-api
Landroid/nfc/tech/NfcBarcode;->mType:I,lo-prio,max-target-o
Landroid/nfc/tech/NfcF;-><init>(Landroid/nfc/Tag;)V,lo-prio,max-target-o
Landroid/nfc/tech/NfcF;->EXTRA_PMM:Ljava/lang/String;,lo-prio,max-target-o
Landroid/nfc/tech/NfcF;->EXTRA_SC:Ljava/lang/String;,lo-prio,max-target-o
Landroid/nfc/tech/NfcF;->TAG:Ljava/lang/String;,lo-prio,max-target-o
Landroid/nfc/tech/NfcF;->close()V,core-platform-api,public-api,sdk,system-api,test-api
Landroid/nfc/tech/NfcF;->connect()V,public-api,sdk,system-api,test-api
Landroid/nfc/tech/NfcF;->get(Landroid/nfc/Tag;)Landroid/nfc/tech/NfcF;,public-api,sdk,system-api,test-api
Landroid/nfc/tech/NfcF;->getManufacturer()[B,public-api,sdk,system-api,test-api
Landroid/nfc/tech/NfcF;->getMaxTransceiveLength()I,public-api,sdk,system-api,test-api
Landroid/nfc/tech/NfcF;->getSystemCode()[B,public-api,sdk,system-api,test-api
Landroid/nfc/tech/NfcF;->getTag()Landroid/nfc/Tag;,public-api,sdk,system-api,test-api
Landroid/nfc/tech/NfcF;->getTimeout()I,public-api,sdk,system-api,test-api
Landroid/nfc/tech/NfcF;->isConnected()Z,public-api,sdk,system-api,test-api
Landroid/nfc/tech/NfcF;->mManufacturer:[B,lo-prio,max-target-o
Landroid/nfc/tech/NfcF;->mSystemCode:[B,lo-prio,max-target-o
Landroid/nfc/tech/NfcF;->setTimeout(I)V,public-api,sdk,system-api,test-api
Landroid/nfc/tech/NfcF;->transceive([B)[B,public-api,sdk,system-api,test-api
Landroid/nfc/tech/NfcV;-><init>(Landroid/nfc/Tag;)V,lo-prio,max-target-o
Landroid/nfc/tech/NfcV;->EXTRA_DSFID:Ljava/lang/String;,lo-prio,max-target-o
Landroid/nfc/tech/NfcV;->EXTRA_RESP_FLAGS:Ljava/lang/String;,lo-prio,max-target-o
Landroid/nfc/tech/NfcV;->close()V,core-platform-api,public-api,sdk,system-api,test-api
Landroid/nfc/tech/NfcV;->connect()V,public-api,sdk,system-api,test-api
Landroid/nfc/tech/NfcV;->get(Landroid/nfc/Tag;)Landroid/nfc/tech/NfcV;,public-api,sdk,system-api,test-api
Landroid/nfc/tech/NfcV;->getDsfId()B,public-api,sdk,system-api,test-api
Landroid/nfc/tech/NfcV;->getMaxTransceiveLength()I,public-api,sdk,system-api,test-api
Landroid/nfc/tech/NfcV;->getResponseFlags()B,public-api,sdk,system-api,test-api
Landroid/nfc/tech/NfcV;->getTag()Landroid/nfc/Tag;,public-api,sdk,system-api,test-api
Landroid/nfc/tech/NfcV;->isConnected()Z,public-api,sdk,system-api,test-api
Landroid/nfc/tech/NfcV;->mDsfId:B,lo-prio,max-target-o
Landroid/nfc/tech/NfcV;->mRespFlags:B,lo-prio,max-target-o
Landroid/nfc/tech/NfcV;->transceive([B)[B,public-api,sdk,system-api,test-api
Landroid/nfc/tech/TagTechnology;->ISO_DEP:I,lo-prio,max-target-o
Landroid/nfc/tech/TagTechnology;->MIFARE_CLASSIC:I,lo-prio,max-target-o
Landroid/nfc/tech/TagTechnology;->MIFARE_ULTRALIGHT:I,lo-prio,max-target-o
Landroid/nfc/tech/TagTechnology;->NDEF:I,lo-prio,max-target-o
Landroid/nfc/tech/TagTechnology;->NDEF_FORMATABLE:I,lo-prio,max-target-o
Landroid/nfc/tech/TagTechnology;->NFC_A:I,lo-prio,max-target-o
Landroid/nfc/tech/TagTechnology;->NFC_B:I,lo-prio,max-target-o
Landroid/nfc/tech/TagTechnology;->NFC_BARCODE:I,lo-prio,max-target-o
Landroid/nfc/tech/TagTechnology;->NFC_F:I,lo-prio,max-target-o
Landroid/nfc/tech/TagTechnology;->NFC_V:I,lo-prio,max-target-o
Landroid/nfc/tech/TagTechnology;->close()V,core-platform-api,public-api,sdk,system-api,test-api
Landroid/nfc/tech/TagTechnology;->connect()V,public-api,sdk,system-api,test-api
Landroid/nfc/tech/TagTechnology;->getTag()Landroid/nfc/Tag;,public-api,sdk,system-api,test-api
Landroid/nfc/tech/TagTechnology;->isConnected()Z,public-api,sdk,system-api,test-api
Landroid/nfc/tech/TagTechnology;->reconnect()V,lo-prio,max-target-o
Lcom/android/nfc/module/flags/CustomFeatureFlags$$ExternalSyntheticLambda0;->test(Ljava/lang/Object;)Z,core-platform-api,public-api,sdk,system-api,test-api
Lcom/android/nfc/module/flags/CustomFeatureFlags$$ExternalSyntheticLambda1;->test(Ljava/lang/Object;)Z,core-platform-api,public-api,sdk,system-api,test-api
Lcom/android/nfc/module/flags/CustomFeatureFlags$$ExternalSyntheticLambda2;->test(Ljava/lang/Object;)Z,core-platform-api,public-api,sdk,system-api,test-api
Lcom/android/nfc/module/flags/CustomFeatureFlags$$ExternalSyntheticLambda3;->test(Ljava/lang/Object;)Z,core-platform-api,public-api,sdk,system-api,test-api
Lcom/android/nfc/module/flags/CustomFeatureFlags$$ExternalSyntheticLambda4;->test(Ljava/lang/Object;)Z,core-platform-api,public-api,sdk,system-api,test-api
Lcom/android/nfc/module/flags/CustomFeatureFlags$$ExternalSyntheticLambda5;->test(Ljava/lang/Object;)Z,core-platform-api,public-api,sdk,system-api,test-api
Lcom/android/nfc/module/flags/CustomFeatureFlags$$ExternalSyntheticLambda6;->test(Ljava/lang/Object;)Z,core-platform-api,public-api,sdk,system-api,test-api
Lcom/android/nfc/module/flags/CustomFeatureFlags$$ExternalSyntheticLambda7;->test(Ljava/lang/Object;)Z,core-platform-api,public-api,sdk,system-api,test-api
Lcom/android/nfc/module/flags/CustomFeatureFlags$$ExternalSyntheticLambda8;->test(Ljava/lang/Object;)Z,core-platform-api,public-api,sdk,system-api,test-api
Lcom/android/nfc/module/flags/CustomFeatureFlags$$ExternalSyntheticLambda9;->test(Ljava/lang/Object;)Z,core-platform-api,public-api,sdk,system-api,test-api
Lcom/android/nfc/x/android/nfc/CustomFeatureFlags$$ExternalSyntheticLambda0;->test(Ljava/lang/Object;)Z,core-platform-api,public-api,sdk,system-api,test-api
Lcom/android/nfc/x/android/nfc/CustomFeatureFlags$$ExternalSyntheticLambda10;->test(Ljava/lang/Object;)Z,core-platform-api,public-api,sdk,system-api,test-api
Lcom/android/nfc/x/android/nfc/CustomFeatureFlags$$ExternalSyntheticLambda11;->test(Ljava/lang/Object;)Z,core-platform-api,public-api,sdk,system-api,test-api
Lcom/android/nfc/x/android/nfc/CustomFeatureFlags$$ExternalSyntheticLambda12;->test(Ljava/lang/Object;)Z,core-platform-api,public-api,sdk,system-api,test-api
Lcom/android/nfc/x/android/nfc/CustomFeatureFlags$$ExternalSyntheticLambda13;->test(Ljava/lang/Object;)Z,core-platform-api,public-api,sdk,system-api,test-api
Lcom/android/nfc/x/android/nfc/CustomFeatureFlags$$ExternalSyntheticLambda14;->test(Ljava/lang/Object;)Z,core-platform-api,public-api,sdk,system-api,test-api
Lcom/android/nfc/x/android/nfc/CustomFeatureFlags$$ExternalSyntheticLambda15;->test(Ljava/lang/Object;)Z,core-platform-api,public-api,sdk,system-api,test-api
Lcom/android/nfc/x/android/nfc/CustomFeatureFlags$$ExternalSyntheticLambda16;->test(Ljava/lang/Object;)Z,core-platform-api,public-api,sdk,system-api,test-api
Lcom/android/nfc/x/android/nfc/CustomFeatureFlags$$ExternalSyntheticLambda17;->test(Ljava/lang/Object;)Z,core-platform-api,public-api,sdk,system-api,test-api
Lcom/android/nfc/x/android/nfc/CustomFeatureFlags$$ExternalSyntheticLambda18;->test(Ljava/lang/Object;)Z,core-platform-api,public-api,sdk,system-api,test-api
Lcom/android/nfc/x/android/nfc/CustomFeatureFlags$$ExternalSyntheticLambda19;->test(Ljava/lang/Object;)Z,core-platform-api,public-api,sdk,system-api,test-api
Lcom/android/nfc/x/android/nfc/CustomFeatureFlags$$ExternalSyntheticLambda1;->test(Ljava/lang/Object;)Z,core-platform-api,public-api,sdk,system-api,test-api
Lcom/android/nfc/x/android/nfc/CustomFeatureFlags$$ExternalSyntheticLambda20;->test(Ljava/lang/Object;)Z,core-platform-api,public-api,sdk,system-api,test-api
Lcom/android/nfc/x/android/nfc/CustomFeatureFlags$$ExternalSyntheticLambda21;->test(Ljava/lang/Object;)Z,core-platform-api,public-api,sdk,system-api,test-api
Lcom/android/nfc/x/android/nfc/CustomFeatureFlags$$ExternalSyntheticLambda22;->test(Ljava/lang/Object;)Z,core-platform-api,public-api,sdk,system-api,test-api
Lcom/android/nfc/x/android/nfc/CustomFeatureFlags$$ExternalSyntheticLambda2;->test(Ljava/lang/Object;)Z,core-platform-api,public-api,sdk,system-api,test-api
Lcom/android/nfc/x/android/nfc/CustomFeatureFlags$$ExternalSyntheticLambda3;->test(Ljava/lang/Object;)Z,core-platform-api,public-api,sdk,system-api,test-api
Lcom/android/nfc/x/android/nfc/CustomFeatureFlags$$ExternalSyntheticLambda4;->test(Ljava/lang/Object;)Z,core-platform-api,public-api,sdk,system-api,test-api
Lcom/android/nfc/x/android/nfc/CustomFeatureFlags$$ExternalSyntheticLambda5;->test(Ljava/lang/Object;)Z,core-platform-api,public-api,sdk,system-api,test-api
Lcom/android/nfc/x/android/nfc/CustomFeatureFlags$$ExternalSyntheticLambda6;->test(Ljava/lang/Object;)Z,core-platform-api,public-api,sdk,system-api,test-api
Lcom/android/nfc/x/android/nfc/CustomFeatureFlags$$ExternalSyntheticLambda7;->test(Ljava/lang/Object;)Z,core-platform-api,public-api,sdk,system-api,test-api
Lcom/android/nfc/x/android/nfc/CustomFeatureFlags$$ExternalSyntheticLambda8;->test(Ljava/lang/Object;)Z,core-platform-api,public-api,sdk,system-api,test-api
Lcom/android/nfc/x/android/nfc/CustomFeatureFlags$$ExternalSyntheticLambda9;->test(Ljava/lang/Object;)Z,core-platform-api,public-api,sdk,system-api,test-api
Lcom/android/nfc/x/android/permission/flags/CustomFeatureFlags$$ExternalSyntheticLambda0;->test(Ljava/lang/Object;)Z,core-platform-api,public-api,sdk,system-api,test-api
Lcom/android/nfc/x/android/permission/flags/CustomFeatureFlags$$ExternalSyntheticLambda10;->test(Ljava/lang/Object;)Z,core-platform-api,public-api,sdk,system-api,test-api
Lcom/android/nfc/x/android/permission/flags/CustomFeatureFlags$$ExternalSyntheticLambda11;->test(Ljava/lang/Object;)Z,core-platform-api,public-api,sdk,system-api,test-api
Lcom/android/nfc/x/android/permission/flags/CustomFeatureFlags$$ExternalSyntheticLambda12;->test(Ljava/lang/Object;)Z,core-platform-api,public-api,sdk,system-api,test-api
Lcom/android/nfc/x/android/permission/flags/CustomFeatureFlags$$ExternalSyntheticLambda13;->test(Ljava/lang/Object;)Z,core-platform-api,public-api,sdk,system-api,test-api
Lcom/android/nfc/x/android/permission/flags/CustomFeatureFlags$$ExternalSyntheticLambda14;->test(Ljava/lang/Object;)Z,core-platform-api,public-api,sdk,system-api,test-api
Lcom/android/nfc/x/android/permission/flags/CustomFeatureFlags$$ExternalSyntheticLambda15;->test(Ljava/lang/Object;)Z,core-platform-api,public-api,sdk,system-api,test-api
Lcom/android/nfc/x/android/permission/flags/CustomFeatureFlags$$ExternalSyntheticLambda16;->test(Ljava/lang/Object;)Z,core-platform-api,public-api,sdk,system-api,test-api
Lcom/android/nfc/x/android/permission/flags/CustomFeatureFlags$$ExternalSyntheticLambda17;->test(Ljava/lang/Object;)Z,core-platform-api,public-api,sdk,system-api,test-api
Lcom/android/nfc/x/android/permission/flags/CustomFeatureFlags$$ExternalSyntheticLambda18;->test(Ljava/lang/Object;)Z,core-platform-api,public-api,sdk,system-api,test-api
Lcom/android/nfc/x/android/permission/flags/CustomFeatureFlags$$ExternalSyntheticLambda19;->test(Ljava/lang/Object;)Z,core-platform-api,public-api,sdk,system-api,test-api
Lcom/android/nfc/x/android/permission/flags/CustomFeatureFlags$$ExternalSyntheticLambda1;->test(Ljava/lang/Object;)Z,core-platform-api,public-api,sdk,system-api,test-api
Lcom/android/nfc/x/android/permission/flags/CustomFeatureFlags$$ExternalSyntheticLambda20;->test(Ljava/lang/Object;)Z,core-platform-api,public-api,sdk,system-api,test-api
Lcom/android/nfc/x/android/permission/flags/CustomFeatureFlags$$ExternalSyntheticLambda21;->test(Ljava/lang/Object;)Z,core-platform-api,public-api,sdk,system-api,test-api
Lcom/android/nfc/x/android/permission/flags/CustomFeatureFlags$$ExternalSyntheticLambda22;->test(Ljava/lang/Object;)Z,core-platform-api,public-api,sdk,system-api,test-api
Lcom/android/nfc/x/android/permission/flags/CustomFeatureFlags$$ExternalSyntheticLambda23;->test(Ljava/lang/Object;)Z,core-platform-api,public-api,sdk,system-api,test-api
Lcom/android/nfc/x/android/permission/flags/CustomFeatureFlags$$ExternalSyntheticLambda24;->test(Ljava/lang/Object;)Z,core-platform-api,public-api,sdk,system-api,test-api
Lcom/android/nfc/x/android/permission/flags/CustomFeatureFlags$$ExternalSyntheticLambda25;->test(Ljava/lang/Object;)Z,core-platform-api,public-api,sdk,system-api,test-api
Lcom/android/nfc/x/android/permission/flags/CustomFeatureFlags$$ExternalSyntheticLambda26;->test(Ljava/lang/Object;)Z,core-platform-api,public-api,sdk,system-api,test-api
Lcom/android/nfc/x/android/permission/flags/CustomFeatureFlags$$ExternalSyntheticLambda27;->test(Ljava/lang/Object;)Z,core-platform-api,public-api,sdk,system-api,test-api
Lcom/android/nfc/x/android/permission/flags/CustomFeatureFlags$$ExternalSyntheticLambda28;->test(Ljava/lang/Object;)Z,core-platform-api,public-api,sdk,system-api,test-api
Lcom/android/nfc/x/android/permission/flags/CustomFeatureFlags$$ExternalSyntheticLambda29;->test(Ljava/lang/Object;)Z,core-platform-api,public-api,sdk,system-api,test-api
Lcom/android/nfc/x/android/permission/flags/CustomFeatureFlags$$ExternalSyntheticLambda2;->test(Ljava/lang/Object;)Z,core-platform-api,public-api,sdk,system-api,test-api
Lcom/android/nfc/x/android/permission/flags/CustomFeatureFlags$$ExternalSyntheticLambda30;->test(Ljava/lang/Object;)Z,core-platform-api,public-api,sdk,system-api,test-api
Lcom/android/nfc/x/android/permission/flags/CustomFeatureFlags$$ExternalSyntheticLambda31;->test(Ljava/lang/Object;)Z,core-platform-api,public-api,sdk,system-api,test-api
Lcom/android/nfc/x/android/permission/flags/CustomFeatureFlags$$ExternalSyntheticLambda32;->test(Ljava/lang/Object;)Z,core-platform-api,public-api,sdk,system-api,test-api
Lcom/android/nfc/x/android/permission/flags/CustomFeatureFlags$$ExternalSyntheticLambda33;->test(Ljava/lang/Object;)Z,core-platform-api,public-api,sdk,system-api,test-api
Lcom/android/nfc/x/android/permission/flags/CustomFeatureFlags$$ExternalSyntheticLambda34;->test(Ljava/lang/Object;)Z,core-platform-api,public-api,sdk,system-api,test-api
Lcom/android/nfc/x/android/permission/flags/CustomFeatureFlags$$ExternalSyntheticLambda35;->test(Ljava/lang/Object;)Z,core-platform-api,public-api,sdk,system-api,test-api
Lcom/android/nfc/x/android/permission/flags/CustomFeatureFlags$$ExternalSyntheticLambda36;->test(Ljava/lang/Object;)Z,core-platform-api,public-api,sdk,system-api,test-api
Lcom/android/nfc/x/android/permission/flags/CustomFeatureFlags$$ExternalSyntheticLambda37;->test(Ljava/lang/Object;)Z,core-platform-api,public-api,sdk,system-api,test-api
Lcom/android/nfc/x/android/permission/flags/CustomFeatureFlags$$ExternalSyntheticLambda38;->test(Ljava/lang/Object;)Z,core-platform-api,public-api,sdk,system-api,test-api
Lcom/android/nfc/x/android/permission/flags/CustomFeatureFlags$$ExternalSyntheticLambda39;->test(Ljava/lang/Object;)Z,core-platform-api,public-api,sdk,system-api,test-api
Lcom/android/nfc/x/android/permission/flags/CustomFeatureFlags$$ExternalSyntheticLambda3;->test(Ljava/lang/Object;)Z,core-platform-api,public-api,sdk,system-api,test-api
Lcom/android/nfc/x/android/permission/flags/CustomFeatureFlags$$ExternalSyntheticLambda40;->test(Ljava/lang/Object;)Z,core-platform-api,public-api,sdk,system-api,test-api
Lcom/android/nfc/x/android/permission/flags/CustomFeatureFlags$$ExternalSyntheticLambda41;->test(Ljava/lang/Object;)Z,core-platform-api,public-api,sdk,system-api,test-api
Lcom/android/nfc/x/android/permission/flags/CustomFeatureFlags$$ExternalSyntheticLambda42;->test(Ljava/lang/Object;)Z,core-platform-api,public-api,sdk,system-api,test-api
Lcom/android/nfc/x/android/permission/flags/CustomFeatureFlags$$ExternalSyntheticLambda43;->test(Ljava/lang/Object;)Z,core-platform-api,public-api,sdk,system-api,test-api
Lcom/android/nfc/x/android/permission/flags/CustomFeatureFlags$$ExternalSyntheticLambda44;->test(Ljava/lang/Object;)Z,core-platform-api,public-api,sdk,system-api,test-api
Lcom/android/nfc/x/android/permission/flags/CustomFeatureFlags$$ExternalSyntheticLambda45;->test(Ljava/lang/Object;)Z,core-platform-api,public-api,sdk,system-api,test-api
Lcom/android/nfc/x/android/permission/flags/CustomFeatureFlags$$ExternalSyntheticLambda46;->test(Ljava/lang/Object;)Z,core-platform-api,public-api,sdk,system-api,test-api
Lcom/android/nfc/x/android/permission/flags/CustomFeatureFlags$$ExternalSyntheticLambda47;->test(Ljava/lang/Object;)Z,core-platform-api,public-api,sdk,system-api,test-api
Lcom/android/nfc/x/android/permission/flags/CustomFeatureFlags$$ExternalSyntheticLambda48;->test(Ljava/lang/Object;)Z,core-platform-api,public-api,sdk,system-api,test-api
Lcom/android/nfc/x/android/permission/flags/CustomFeatureFlags$$ExternalSyntheticLambda49;->test(Ljava/lang/Object;)Z,core-platform-api,public-api,sdk,system-api,test-api
Lcom/android/nfc/x/android/permission/flags/CustomFeatureFlags$$ExternalSyntheticLambda4;->test(Ljava/lang/Object;)Z,core-platform-api,public-api,sdk,system-api,test-api
Lcom/android/nfc/x/android/permission/flags/CustomFeatureFlags$$ExternalSyntheticLambda50;->test(Ljava/lang/Object;)Z,core-platform-api,public-api,sdk,system-api,test-api
Lcom/android/nfc/x/android/permission/flags/CustomFeatureFlags$$ExternalSyntheticLambda51;->test(Ljava/lang/Object;)Z,core-platform-api,public-api,sdk,system-api,test-api
Lcom/android/nfc/x/android/permission/flags/CustomFeatureFlags$$ExternalSyntheticLambda52;->test(Ljava/lang/Object;)Z,core-platform-api,public-api,sdk,system-api,test-api
Lcom/android/nfc/x/android/permission/flags/CustomFeatureFlags$$ExternalSyntheticLambda53;->test(Ljava/lang/Object;)Z,core-platform-api,public-api,sdk,system-api,test-api
Lcom/android/nfc/x/android/permission/flags/CustomFeatureFlags$$ExternalSyntheticLambda54;->test(Ljava/lang/Object;)Z,core-platform-api,public-api,sdk,system-api,test-api
Lcom/android/nfc/x/android/permission/flags/CustomFeatureFlags$$ExternalSyntheticLambda55;->test(Ljava/lang/Object;)Z,core-platform-api,public-api,sdk,system-api,test-api
Lcom/android/nfc/x/android/permission/flags/CustomFeatureFlags$$ExternalSyntheticLambda56;->test(Ljava/lang/Object;)Z,core-platform-api,public-api,sdk,system-api,test-api
Lcom/android/nfc/x/android/permission/flags/CustomFeatureFlags$$ExternalSyntheticLambda57;->test(Ljava/lang/Object;)Z,core-platform-api,public-api,sdk,system-api,test-api
Lcom/android/nfc/x/android/permission/flags/CustomFeatureFlags$$ExternalSyntheticLambda58;->test(Ljava/lang/Object;)Z,core-platform-api,public-api,sdk,system-api,test-api
Lcom/android/nfc/x/android/permission/flags/CustomFeatureFlags$$ExternalSyntheticLambda59;->test(Ljava/lang/Object;)Z,core-platform-api,public-api,sdk,system-api,test-api
Lcom/android/nfc/x/android/permission/flags/CustomFeatureFlags$$ExternalSyntheticLambda5;->test(Ljava/lang/Object;)Z,core-platform-api,public-api,sdk,system-api,test-api
Lcom/android/nfc/x/android/permission/flags/CustomFeatureFlags$$ExternalSyntheticLambda60;->test(Ljava/lang/Object;)Z,core-platform-api,public-api,sdk,system-api,test-api
Lcom/android/nfc/x/android/permission/flags/CustomFeatureFlags$$ExternalSyntheticLambda61;->test(Ljava/lang/Object;)Z,core-platform-api,public-api,sdk,system-api,test-api
Lcom/android/nfc/x/android/permission/flags/CustomFeatureFlags$$ExternalSyntheticLambda62;->test(Ljava/lang/Object;)Z,core-platform-api,public-api,sdk,system-api,test-api
Lcom/android/nfc/x/android/permission/flags/CustomFeatureFlags$$ExternalSyntheticLambda63;->test(Ljava/lang/Object;)Z,core-platform-api,public-api,sdk,system-api,test-api
Lcom/android/nfc/x/android/permission/flags/CustomFeatureFlags$$ExternalSyntheticLambda64;->test(Ljava/lang/Object;)Z,core-platform-api,public-api,sdk,system-api,test-api
Lcom/android/nfc/x/android/permission/flags/CustomFeatureFlags$$ExternalSyntheticLambda65;->test(Ljava/lang/Object;)Z,core-platform-api,public-api,sdk,system-api,test-api
Lcom/android/nfc/x/android/permission/flags/CustomFeatureFlags$$ExternalSyntheticLambda66;->test(Ljava/lang/Object;)Z,core-platform-api,public-api,sdk,system-api,test-api
Lcom/android/nfc/x/android/permission/flags/CustomFeatureFlags$$ExternalSyntheticLambda67;->test(Ljava/lang/Object;)Z,core-platform-api,public-api,sdk,system-api,test-api
Lcom/android/nfc/x/android/permission/flags/CustomFeatureFlags$$ExternalSyntheticLambda68;->test(Ljava/lang/Object;)Z,core-platform-api,public-api,sdk,system-api,test-api
Lcom/android/nfc/x/android/permission/flags/CustomFeatureFlags$$ExternalSyntheticLambda69;->test(Ljava/lang/Object;)Z,core-platform-api,public-api,sdk,system-api,test-api
Lcom/android/nfc/x/android/permission/flags/CustomFeatureFlags$$ExternalSyntheticLambda6;->test(Ljava/lang/Object;)Z,core-platform-api,public-api,sdk,system-api,test-api
Lcom/android/nfc/x/android/permission/flags/CustomFeatureFlags$$ExternalSyntheticLambda70;->test(Ljava/lang/Object;)Z,core-platform-api,public-api,sdk,system-api,test-api
Lcom/android/nfc/x/android/permission/flags/CustomFeatureFlags$$ExternalSyntheticLambda71;->test(Ljava/lang/Object;)Z,core-platform-api,public-api,sdk,system-api,test-api
Lcom/android/nfc/x/android/permission/flags/CustomFeatureFlags$$ExternalSyntheticLambda72;->test(Ljava/lang/Object;)Z,core-platform-api,public-api,sdk,system-api,test-api
Lcom/android/nfc/x/android/permission/flags/CustomFeatureFlags$$ExternalSyntheticLambda73;->test(Ljava/lang/Object;)Z,core-platform-api,public-api,sdk,system-api,test-api
Lcom/android/nfc/x/android/permission/flags/CustomFeatureFlags$$ExternalSyntheticLambda74;->test(Ljava/lang/Object;)Z,core-platform-api,public-api,sdk,system-api,test-api
Lcom/android/nfc/x/android/permission/flags/CustomFeatureFlags$$ExternalSyntheticLambda7;->test(Ljava/lang/Object;)Z,core-platform-api,public-api,sdk,system-api,test-api
Lcom/android/nfc/x/android/permission/flags/CustomFeatureFlags$$ExternalSyntheticLambda8;->test(Ljava/lang/Object;)Z,core-platform-api,public-api,sdk,system-api,test-api
Lcom/android/nfc/x/android/permission/flags/CustomFeatureFlags$$ExternalSyntheticLambda9;->test(Ljava/lang/Object;)Z,core-platform-api,public-api,sdk,system-api,test-api
